北海道医療大学Station(学園都市線), 43.231043706566965, 141.55002146817003
木古内Station(北海道新幹線), 41.67768816717202, 140.43393772896002
新青森Station(北海道新幹線), 40.82806721022598, 140.69343078656993
新函館北斗Station(北海道新幹線), 41.904754407269024, 140.64861442158997
奥津軽いまべつStation(北海道新幹線), 41.145095635678985, 140.51565228736
青森Station(津軽線), 40.829336055837985, 140.73403843385995
青森Station(奥羽本線), 40.829336055837985, 140.73403843385995
青森Station(青い森鉄道線), 40.829336055837985, 140.73403843385995
新青森Station(奥羽本線), 40.82806721022598, 140.69343078656993
新青森Station(東北新幹線), 40.82806721022598, 140.69343078656993
東青森Station(青い森鉄道線), 40.810532810086016, 140.78331299672004
岩手飯岡Station(東北本線), 39.65375264701302, 141.14666475389004
岩手上郷Station(釜石線), 39.28445916393602, 141.58604389572997
岩手船越Station(リアス線), 39.431432992202986, 141.97401915301998
岩手川口Station(いわて銀河鉄道線), 39.91884810316, 141.19929356587
岩手二日町Station(釜石線), 39.32347133424099, 141.45603690633004
宮城野通Station(東西線), 38.25795999923804, 140.88581608128004
宮城野原Station(仙石線), 38.26066965493101, 140.90470794132
秋田Station(秋田新幹線), 39.717098745524, 140.12960480084996
秋田Station(奥羽本線), 39.717098745524, 140.12960480084996
秋田Station(羽越本線), 39.717098745524, 140.12960480084996
荒瀬Station(秋田内陸線), 39.980063796574996, 140.40239026898007
小渕Station(秋田内陸線), 40.03386339577801, 140.4011106583
戸沢Station(秋田内陸線), 39.85913943496598, 140.58118543860996
松葉Station(秋田内陸線), 39.74398728061101, 140.59027543062996
八津Station(秋田内陸線), 39.68769478870098, 140.55278258305998
合川Station(秋田内陸線), 40.161210520048, 140.33005604633001
阿仁合Station(秋田内陸線), 40.00011739295701, 140.40130535103003
阿仁マタギStation(秋田内陸線), 39.91950134410399, 140.51559622961997
岩野目Station(秋田内陸線), 39.92134357774802, 140.43051272502998
羽後太田Station(秋田内陸線), 39.627112559066006, 140.57422670768005
羽後中里Station(秋田内陸線), 39.77107346546205, 140.60282195418995
羽後長戸呂Station(秋田内陸線), 39.72761946053399, 140.56527647309997
大野台Station(秋田内陸線), 40.186934450208014, 140.34046930092995
大曲Station(秋田新幹線), 39.465849699645986, 140.47954810882004
笑内Station(秋田内陸線), 39.93498745102599, 140.41330857182004
奥阿仁Station(秋田内陸線), 39.91118651694299, 140.48860905588003
角館Station(秋田新幹線), 39.591893612083965, 140.57122872998002
角館Station(秋田内陸線), 39.591893612083965, 140.57122872998002
桂瀬Station(秋田内陸線), 40.10146289407399, 140.41770973838004
上杉Station(秋田内陸線), 40.146373700745016, 140.34969916649993
上桧木内Station(秋田内陸線), 39.81797832728, 140.58246640158995
萱草Station(秋田内陸線), 39.958663624425014, 140.41235046140002
西明寺Station(秋田内陸線), 39.652968183373986, 140.56305940720995
左通Station(秋田内陸線), 39.80191533189, 140.58617088156007
雫石Station(秋田新幹線), 39.68920028747198, 140.97482712200997
鷹巣Station(秋田内陸線), 40.232144953570014, 140.36921441211007
田沢湖Station(秋田新幹線), 39.70052235103407, 140.72218190996
西鷹巣Station(秋田内陸線), 40.22459050786799, 140.35785381779
比立内Station(秋田内陸線), 39.904852215338025, 140.45356050115004
前田南Station(秋田内陸線), 40.050648450444015, 140.40246168578005
盛岡Station(秋田新幹線), 39.70146673548598, 141.13637223899002
米内沢Station(秋田内陸線), 40.12832338579, 140.37347720556
阿仁前田温泉Station(秋田内陸線), 40.06157961615199, 140.41776976157996
縄文小ヶ田Station(秋田内陸線), 40.20501273635699, 140.34921671834002
山形Station(山形線), 38.248598305895, 140.32759269430994
山形Station(山形新幹線), 38.248598305895, 140.32759269430994
山形Station(奥羽本線), 38.248598305895, 140.32759269430994
北山形Station(左沢線), 38.265236520512985, 140.33256348970997
北山形Station(奥羽本線), 38.265236520512985, 140.33256348970997
恋山形Station(智頭線), 35.255983241950005, 134.27902231403004
峠Station(山形線), 37.81195216426799, 140.23575866612998
赤湯Station(山形線), 38.04714551463104, 140.14889454266995
赤湯Station(山形新幹線), 38.04714551463104, 140.14889454266995
板谷Station(山形線), 37.811286158222984, 140.26797789902002
置賜Station(山形線), 37.954017104005985, 140.14248334099
大沢Station(山形線), 37.83736522152199, 140.20023260323
笹木野Station(山形線), 37.765905898751996, 140.42613324281
蔵王Station(山形線), 38.20590855504, 140.30334578381996
関根Station(山形線), 37.864581543590006, 140.1462090696
高畠Station(山形線), 37.99242187791798, 140.15294243379003
中川Station(山形線), 38.093418718854, 140.20349966553
庭坂Station(山形線), 37.77167161500799, 140.38983837501996
福島Station(山形線), 37.75421520437901, 140.45971486583994
米沢Station(山形線), 37.90950284789598, 140.12838958727002
羽前中山Station(山形線), 38.12432456466203, 140.21831595643994
大石田Station(山形新幹線), 38.595820365077, 140.37535828931004
新庄Station(山形新幹線), 38.762565926394984, 140.30609847656
高畠Station(山形新幹線), 37.99242187791798, 140.15294243379003
天童Station(山形新幹線), 38.36023956719802, 140.36946385194005
福島Station(山形新幹線), 37.75421520437901, 140.45971486583994
村山Station(山形新幹線), 38.47710248663395, 140.38632691338
米沢Station(山形新幹線), 37.90950284789598, 140.12838958727002
かみのやま温泉Station(山形線), 38.152167071083, 140.27867541301998
茂吉記念館前Station(山形線), 38.171245419418, 140.29809784073996
かみのやま温泉Station(山形新幹線), 38.152167071083, 140.27867541301998
さくらんぼ東根Station(山形新幹線), 38.42810601675001, 140.38077369428004
福島Station(奥羽本線), 37.75421520437901, 140.45971486583994
福島Station(飯坂線), 37.75421520437901, 140.45971486583994
福島Station(東北本線), 37.75421520437901, 140.45971486583994
福島Station(阪神本線), 34.696102938758, 135.48832398072
福島Station(東北新幹線), 37.75421520437901, 140.45971486583994
福島Station(阿武隈急行線), 37.75421520437901, 140.45971486583994
福島Station(大阪環状線), 34.69712278039901, 135.48649010725
木曽福島Station(中央本線), 35.843664609456, 137.69336677247998
新福島Station(東西線), 34.695242991065996, 135.48635318290997
東福島Station(東北本線), 37.79980345902197, 140.47733927068998
福島今町Station(日南線), 31.456878921208983, 131.20332330416
福島口Station(西九州線), 33.338126968172986, 129.79032056944993
福島高松Station(日南線), 31.45857227368198, 131.17821347097004
福島町Station(広電己斐線), 34.39485442225599, 132.43400723049
南福島Station(東北本線), 37.723774595512964, 140.45577158598996
上州福島Station(上信線), 36.25642760731, 138.92938333432994
福島町Station(広電宇品己斐線), 34.39485442225599, 132.43400723049
福島学院前Station(阿武隈急行線), 37.798907892963996, 140.48889431112002
サイゼリヤ茨城守谷Station前店, 35.95397852958099, 139.98839524491996
トヨタレンタリース茨城石岡Station前店, 36.190007654471, 140.27989673231002
トヨタレンタリース茨城古河Station前店, 36.19388787858, 139.71175900576998
トヨタレンタリース茨城日立Station前店, 36.592867203268, 140.66147664533003
茨城信用組合Station南支店, 36.36725432134, 140.47071327705999
アパホテル茨城古河Station前, 36.19296554198597, 139.71191289775993
トヨタレンタリース茨城牛久Station東口店, 35.9754400284, 140.14430181660998
トヨタレンタリース茨城土浦Station西口店, 36.077692188732996, 140.20337516311997
トヨタレンタリース茨城水戸Station南店, 36.36734006511999, 140.47507019231
NOVA茨城日立Station前校, 36.59206713261899, 140.65747885557994
セブンイレブン北茨城大津港Station前店, 36.84670686405401, 140.7789346746
茨城県信用組合Station南支店, 36.367274884221004, 140.47062295574005
茨城交通 水戸Station前案内所, 36.37159835147199, 140.47506439529002
トヨタレンタリース茨城TXつくばStation前店, 36.079757419071, 140.11403879325997
NOVA茨城つくば研究学園Station前校, 36.08309468012499, 140.08239822069004
トヨタレンタリース茨城TX守谷Station西口店, 35.950175612628016, 139.99071473479
Jネットレンタカー茨城研究学園Station前店, 36.083598383010994, 140.08275754430997
スペースアパホテル茨城古河Station前第1駐車場, 36.19299869447501, 139.71210539555
スペースアパホテル茨城古河Station前第3駐車場, 36.193040928013005, 139.71167368073998
スペースアパホテル茨城古河Station前第2駐車場, 36.19324382910101, 139.71194814890998
スペースアパホテル茨城古河Station前第4駐車場, 36.19267639066899, 139.71184618099005
茨城県信用組合赤塚Station前出張所, 36.384385975559994, 140.40839114670996
Jネットレンタカー茨城水戸Station北口店, 36.372939504425986, 140.47703817078002
トヨタカローラ新茨城 水戸Station南オレンジピット, 36.365592428789, 140.48341269037996
トヨタカローラ新茨城 水戸Station南オレンジピット店, 36.36559242914899, 140.48342568927
トヨタカローラ新茨城水戸Station南オレンジピット店, 36.36559242914899, 140.48342568927
水のトラブル救助隊茨城県全域受付出張エリア・土浦市・土浦Station前・かすみがうら市・石岡市・阿見町総合受付, 36.05999441928802, 140.19722554349005
水のトラブル救助隊茨城県全域受付出張エリア・つくば・谷田部IC・牛久IC・牛久Station前・ひたち野うしく, 35.99747213058801, 140.10509719885
大津港Station入口, 36.838093924346, 140.78349221741996
魚民 磯原西口Station前店, 36.790129752441985, 140.74377694126997
高島屋肉Station前店, 36.789737290091, 140.74648997733993
芳賀商店Station前店, 36.78981878072398, 140.74648597413
笠間警察署 友部Station前交番, 36.349833587457, 140.30701548038996
松月堂磯原Station東口, 36.78987243704802, 140.74633510963997
スペースECO磯原Station前駐車場, 36.78920742374099, 140.7461401552
スペース24 スペースECO 磯原Station前, 36.78920742374099, 140.7461401552
高萩警察署 磯原Station前交番, 36.790492137686, 140.74412239608
高萩警察署磯原Station前交番, 36.790492137686, 140.74412239608
赤塚Station前, 36.38275335878498, 140.41556448073993
アパホテルつくば万博記念公園Station前, 36.05833704048801, 140.06025462622006
Station前公園西, 36.079661151040014, 140.07932812368995
栃木Station(両毛線), 36.371797001461005, 139.7310876276
栃木Station(東武日光線), 36.37162902263704, 139.73116462797998
新栃木Station(東武日光線), 36.39004723421502, 139.74235790299997
新栃木Station(東武宇都宮線), 36.39004723421502, 139.74235790299997
群馬大津Station(吾妻線), 36.553801645123, 138.62809038913997
群馬総社Station(上越線), 36.415885158848994, 139.03217297212996
群馬原町Station(吾妻線), 36.571694805492, 138.82421261515003
群馬藤岡Station(八高線), 36.25029039979401, 139.08343428999
群馬八幡Station(信越本線), 36.337690087827994, 138.95741461957005
新井宿Station(埼玉高速鉄道線), 35.84299706683299, 139.73827569718003
鳩ヶ谷Station(埼玉高速鉄道線), 35.83110835004601, 139.73610936264004
赤羽岩淵Station(埼玉高速鉄道線), 35.7834193505, 139.72200048967
浦和美園Station(埼玉高速鉄道線), 35.89353208359701, 139.72787553519004
川口元郷Station(埼玉高速鉄道線), 35.80027766677699, 139.73011111915002
戸塚安行Station(埼玉高速鉄道線), 35.85885568967599, 139.75363474738003
東川口Station(埼玉高速鉄道線), 35.876271461494, 139.74385687397
南鳩ヶ谷Station(埼玉高速鉄道線), 35.81630502218201, 139.73619295409003
千葉Station(外房線), 35.613500964457984, 140.11271521767003
千葉Station(2号線), 35.61211815535799, 140.11403916166
千葉Station(1号線), 35.61211815535799, 140.11403916166
千葉Station(総武本線), 35.613500964457984, 140.11271521767003
京成千葉Station(京成千葉線), 35.611706208766975, 140.11430515583004
新千葉Station(京成千葉線), 35.612392976847005, 140.10855961366997
千葉中央Station(京成千葉線), 35.607422785005, 140.11784702958994
本千葉Station(外房線), 35.600617641282, 140.12128001444
千葉公園Station(2号線), 35.61978239734701, 140.11783553099997
千葉中央Station(京成千原線), 35.607422785005, 140.11784702958994
千葉寺Station(京成千原線), 35.59036808335598, 140.13211251326004
西千葉Station(総武本線), 35.622586692327005, 140.10335864133003
東千葉Station(総武本線), 35.61708682272301, 140.12239025504005
千葉みなとStation(京葉線), 35.606863437578994, 140.10262233888
千葉みなとStation(1号線), 35.607394291210014, 140.10249432826004
千葉ニュータウン中央Station(成田空港線), 35.80023407392899, 140.11627233487002
千葉ニュータウン中央Station(北総線), 35.80023407392899, 140.11627233487002
京成稲毛Station(京成千葉線), 35.63758453086902, 140.08564353288
検見川Station(京成千葉線), 35.652505346110985, 140.06675952685998
西登戸Station(京成千葉線), 35.61766422882701, 140.10275989089996
みどり台Station(京成千葉線), 35.62511424703199, 140.09736504587
京成津田沼Station(京成千葉線), 35.68363271368101, 140.02464583227004
京成幕張Station(京成千葉線), 35.660493160269, 140.05605410960993
京成幕張本郷Station(京成千葉線), 35.67268841305901, 140.04206680011998
東京Station(京葉線), 35.677612425672024, 139.76513708225002
東京Station(山手線), 35.680959106958994, 139.76730676351997
東京Station(京浜東北線), 35.680959106958994, 139.76730676351997
東京Station(横須賀線), 35.680959106958994, 139.76730676351997
東京Station(東海道本線), 35.680959106958994, 139.76730676351997
東京Station(東北新幹線), 35.680959106958994, 139.76730676351997
東京Station(中央本線), 35.680959106958994, 139.76730676351997
東京Station(東海道新幹線), 35.680959106958994, 139.76730676351997
東京Station(総武本線), 35.682038696880994, 139.76586596750997
東京Station(丸ノ内線), 35.682205900396994, 139.76483192361002
東京Station(東北縦貫線), 35.680959106958994, 139.76730676351997
東京テレポートStation(りんかい線), 35.62767541809599, 139.77908790198
東京ビッグサイトStation(ゆりかもめ), 35.63027145714199, 139.79147374686
東京国際クルーズターミナルStation(ゆりかもめ), 35.62138096589101, 139.77309066319003
昭和島Station(東京モノレール羽田線), 35.570631055307985, 139.74995165686005
整備場Station(東京モノレール羽田線), 35.555084893244995, 139.75334099018005
天空橋Station(東京モノレール羽田線), 35.54816769932701, 139.75441517517004
大井競馬場前Station(東京モノレール羽田線), 35.595085228952996, 139.74707792328002
新整備場Station(東京モノレール羽田線), 35.542719183454, 139.78711162056993
天王洲アイルStation(東京モノレール羽田線), 35.622810208197976, 139.75074150275998
流通センターStation(東京モノレール羽田線), 35.581501812404, 139.74917628828007
羽田空港第1ターミナルStation(東京モノレール羽田線), 35.54908773859201, 139.78476506514994
羽田空港第3ターミナルStation(東京モノレール羽田線), 35.54378207167301, 139.76865001819
羽田空港第2ターミナルStation(東京モノレール羽田線), 35.55087328663198, 139.78783923321998
モノレール浜松町Station(東京モノレール羽田線), 35.655541683262, 139.75665968825
神奈川Station(京急本線), 35.471340953768006, 139.62732701019002
東神奈川Station(京浜東北線), 35.47786737736401, 139.63324324957
東神奈川Station(横浜線), 35.47786737736401, 139.63324324957
神奈川新町Station(京急本線), 35.48147015334399, 139.64005852848004
京急東神奈川Station(京急本線), 35.47752046267999, 139.63499011510999
新潟Station(信越本線), 37.91213562252702, 139.06137194052997
新潟Station(越後線), 37.91213562252702, 139.06137194052997
新潟Station(白新線), 37.91213562252702, 139.06137194052997
新潟Station(上越新幹線), 37.91213562252702, 139.06137194052997
東新潟Station(白新線), 37.90879831832498, 139.10865892111997
新潟大学前Station(越後線), 37.86915966816598, 138.95447925236
富山Station(富山港線), 36.701729399517006, 137.21322711200003
富山Station(富山地方鉄道2系統), 36.701729399517006, 137.21322711200003
富山Station(富山地方鉄道5系統), 36.701729399517006, 137.21322711200003
富山Station(富山地方鉄道環状線), 36.701729399517006, 137.21322711200003
富山Station(富山地方鉄道6系統), 36.701729399517006, 137.21322711200003
富山Station(富山地方鉄道1系統), 36.701729399517006, 137.21322711200003
富山Station(富山地方鉄道4系統), 36.701729399517006, 137.21322711200003
富山Station(高山本線), 36.701729399517006, 137.21322711200003
富山Station(北陸新幹線), 36.701729399517006, 137.21322711200003
富山Station(あいの風とやま鉄道線), 36.701729399517006, 137.21322711200003
電鉄富山Station(富山地方鉄道本線), 36.700526993097995, 137.21471052808
電鉄富山Station(富山地方鉄道立山線), 36.700526993097995, 137.21471052808
電鉄富山Station(富山地方鉄道不二越・上滝線), 36.700526993097995, 137.21471052808
南富山Station(富山地方鉄道不二越・上滝線), 36.670224641687014, 137.22040521665997
西富山Station(高山本線), 36.699407162559, 137.17708990177994
陸前富山Station(仙石線), 38.38630874678498, 141.10729357238006
東富山Station(あいの風とやま鉄道線), 36.741159170527, 137.24900789056005
新富山口Station(あいの風とやま鉄道線), 36.719319225061, 137.24035039369005
富山大学前Station(富山地方鉄道2系統), 36.69861961117499, 137.19110569215002
富山大学前Station(富山地方鉄道5系統), 36.69861961117499, 137.19110569215002
南富山Station前駅(富山地方鉄道2系統), 36.670224641687014, 137.22040521665997
南富山Station前駅(富山地方鉄道1系統), 36.670224641687014, 137.22040521665997
南富山Station前駅(富山地方鉄道4系統), 36.670224641687014, 137.22040521665997
電鉄富山Station・エスタ前駅(富山地方鉄道2系統), 36.69991737757398, 137.21395274414
電鉄富山Station・エスタ前駅(富山地方鉄道4系統), 36.69991737757398, 137.21395274414
電鉄富山Station・エスタ前駅(富山地方鉄道環状線), 36.69991737757398, 137.21395274414
電鉄富山Station・エスタ前駅(富山地方鉄道6系統), 36.69991737757398, 137.21395274414
電鉄富山Station・エスタ前駅(富山地方鉄道1系統), 36.69991737757398, 137.21395274414
オークスカナルパークホテル富山前Station(富山港線), 36.70361804915001, 137.21458591737996
龍谷富山高校前(永楽町)Station(富山港線), 36.702993004335, 137.21979048145
オークスカナルパークホテル富山前Station(富山地方鉄道6系統), 36.70361804915001, 137.21458591737996
オークスカナルパークホテル富山前Station(富山地方鉄道4系統), 36.70361804915001, 137.21458591737996
オークスカナルパークホテル富山前Station(富山地方鉄道5系統), 36.70361804915001, 137.21458591737996
龍谷富山高校前(永楽町)Station(富山地方鉄道4系統), 36.702993004335, 137.21979048145
龍谷富山高校前(永楽町)Station(富山地方鉄道6系統), 36.702993004335, 137.21979048145
龍谷富山高校前(永楽町)Station(富山地方鉄道5系統), 36.702993004335, 137.21979048145
トヨタモビリティ富山Gスクエア五福前(五福末広町)Station(富山地方鉄道2系統), 36.69567603729399, 137.19446538561
トヨタモビリティ富山Gスクエア五福前(五福末広町)Station(富山地方鉄道5系統), 36.69567603729399, 137.19446538561
粟島Station(富山港線), 36.719322993584996, 137.2247892706
蓮町Station(富山港線), 36.74264595052999, 137.22758060347996
相ノ木Station(富山地方鉄道本線), 36.701921333556996, 137.33531868225998
愛本Station(富山地方鉄道本線), 36.855822744872995, 137.55356539769002
荒町Station(富山地方鉄道2系統), 36.69154055900199, 137.21576191381996
荒町Station(富山地方鉄道4系統), 36.69154055900199, 137.21576191381996
荒町Station(富山地方鉄道1系統), 36.69154055900199, 137.21576191381996
荒町Station(富山地方鉄道6系統), 36.69154055900199, 137.21576191381996
荒町Station(富山地方鉄道環状線), 36.69154055900199, 137.21576191381996
粟島Station(富山地方鉄道5系統), 36.719322993584996, 137.2247892706
粟島Station(富山地方鉄道4系統), 36.719322993584996, 137.2247892706
粟島Station(富山地方鉄道6系統), 36.719322993584996, 137.2247892706
石川Station(奥羽本線), 40.55610236457693, 140.53065615665002
石川Station(弘南鉄道大鰐線), 40.550946304372985, 140.54140445914004
石川台Station(東急池上線), 35.596995365369, 139.68523409684997
石川町Station(根岸線), 35.43870603492199, 139.64299397360003
磐城石川Station(水郡線), 37.140730117814, 140.4439096172
石川プール前Station(弘南鉄道大鰐線), 40.54291853662201, 140.55054305659996
井口Station(北陸鉄道石川線), 36.476694838336996, 136.61225474146
押野Station(北陸鉄道石川線), 36.541917370071005, 136.62208324390997
乙丸Station(北陸鉄道石川線), 36.511911149163, 136.61766603737
小柳Station(北陸鉄道石川線), 36.47099039481901, 136.61145353078996
四十万Station(北陸鉄道石川線), 36.498868192251976, 136.61568746286002
曽谷Station(北陸鉄道石川線), 36.489838118278, 136.61427130941001
鶴来Station(北陸鉄道石川線), 36.45220679034999, 136.62374453298003
道法寺Station(北陸鉄道石川線), 36.484271490731004, 136.61340947401004
西泉Station(北陸鉄道石川線), 36.55341732403501, 136.63348878880004
野々市Station(北陸鉄道石川線), 36.536472637944016, 136.62092168110996
野町Station(北陸鉄道石川線), 36.55380754780698, 136.64423881867003
日御子Station(北陸鉄道石川線), 36.464963181066, 136.61502731902
陽羽里Station(北陸鉄道石川線), 36.49364444320899, 136.61488348430998
馬替Station(北陸鉄道石川線), 36.522998522704995, 136.62059910173002
新西金沢Station(北陸鉄道石川線), 36.55306609689001, 136.62278075379004
額住宅前Station(北陸鉄道石川線), 36.51850499771599, 136.61879743408997
野々市工大前Station(北陸鉄道石川線), 36.53247545443, 136.62174163665998
福井Station(福井鉄道福武線), 36.06207992338902, 136.22212908988
福井Station(北陸本線), 36.06212686341699, 136.22330723367998
福井Station(水島本線), 34.570015223171, 133.74446143086993
福井Station(勝山永平寺線), 36.062104047635, 136.22391818034998
阿波福井Station(牟岐線), 33.82404390465899, 134.60526295752004
新福井Station(勝山永平寺線), 36.064951041895995, 136.22688781157
福井口Station(勝山永平寺線), 36.070516800999, 136.23306368269004
福井口Station(三国芦原線), 36.070516800999, 136.23306368269004
福井城址大名町Station(福井鉄道福武線), 36.06387818836299, 136.21758355132
福大前西福井Station(三国芦原線), 36.074366213009, 136.21010845067997
浅水Station(福井鉄道福武線), 36.006775800322, 136.20171569465003
家久Station(福井鉄道福武線), 35.92597834883101, 136.17055443092
江端Station(福井鉄道福武線), 36.02827358209002, 136.21235295761994
北府Station(福井鉄道福武線), 35.910070084558, 136.16661236415996
神明Station(福井鉄道福武線), 35.97289122007899, 136.18182870647001
清明Station(福井鉄道福武線), 36.022182961111994, 136.20936119792998
田原町Station(福井鉄道福武線), 36.07477051360398, 136.21750128003998
鳥羽中Station(福井鉄道福武線), 35.98151936425802, 136.18750488561
西鯖江Station(福井鉄道福武線), 35.94631028108299, 136.18180268724996
花堂Station(福井鉄道福武線), 36.040994183761995, 136.21513924017995
ベル前Station(福井鉄道福武線), 36.033717991806014, 136.2138806209
水落Station(福井鉄道福武線), 35.962188485233995, 136.18315498310994
越前武生Station(福井鉄道福武線), 35.906489585103, 136.17025017347999
三十八社Station(福井鉄道福武線), 35.98924962694001, 136.19380004280004
サンドーム西Station(福井鉄道福武線), 35.93653337792199, 136.18060915252
赤十字前Station(福井鉄道福武線), 36.04867733378897, 136.21660482594007
泰澄の里Station(福井鉄道福武線), 35.99918734048501, 136.19825753119994
西山公園Station(福井鉄道福武線), 35.95193072881199, 136.18570813452004
足羽山公園口Station(福井鉄道福武線), 36.05796522620901, 136.21510061546996
商工会議所前Station(福井鉄道福武線), 36.053992012881, 136.21490502992003
仁愛女子高校Station(福井鉄道福武線), 36.068995024667984, 136.21797995161
スポーツ公園Station(福井鉄道福武線), 35.91952511895201, 136.16824137278002
ハーモニーホールStation(福井鉄道福武線), 36.014053049693004, 136.20532610594
東山梨Station(中央本線), 35.694316524537015, 138.70299818340004
山梨市Station(中央本線), 35.68498605971101, 138.68292727345
長野Station(長野電鉄長野線), 36.64447565787802, 138.18862605705
長野Station(北しなの線), 36.643113817379984, 138.18873810223
長野Station(信越本線), 36.643113817379984, 138.18873810223
長野Station(北陸新幹線), 36.643113817379984, 138.18873810223
河内長野Station(近鉄長野線), 34.45101572080999, 135.57306481018998
会津長野Station(会津線), 37.21514724767201, 139.82376582675
羽後長野Station(田沢湖線), 39.54613208790397, 140.54087269763
河内長野Station(南海高野線), 39.54613208790397, 140.54087269763
北長野Station(北しなの線), 36.665064181103006, 138.22255725581
肥前長野Station(筑肥線), 33.29564964366298, 129.97094253481998
長野原草津口Station(吾妻線), 36.54660902463799, 138.64906285776
朝陽Station(長野電鉄長野線), 36.66627028356601, 138.24125694589998
延徳Station(長野電鉄長野線), 36.72686451103699, 138.36254487735005
小布施Station(長野電鉄長野線), 36.699003651984, 138.31278198729
上条Station(長野電鉄長野線), 36.74964933024302, 138.40754663860002
北須坂Station(長野電鉄長野線), 36.678211934497995, 138.30869718864005
桐原Station(長野電鉄長野線), 36.665671859957015, 138.21298606876996
権堂Station(長野電鉄長野線), 36.65322474013399, 138.19198740955994
桜沢Station(長野電鉄長野線), 36.712631055668, 138.34959221439
須坂Station(長野電鉄長野線), 36.656782280399, 138.30425444609
都住Station(長野電鉄長野線), 36.70413830897, 138.32216795782006
日野Station(長野電鉄長野線), 36.65589297344701, 138.28870084183995
本郷Station(長野電鉄長野線), 36.66252897926404, 138.20376300299995
村山Station(長野電鉄長野線), 36.659198367876, 138.28011845833998
柳原Station(長野電鉄長野線), 36.66344630496502, 138.25825919795
湯田中Station(長野電鉄長野線), 36.741673603037015, 138.41469846408995
夜間瀬Station(長野電鉄長野線), 36.76010901510601, 138.4032975829
喜志Station(近鉄長野線), 34.522607391346, 135.60725041227
信濃竹原Station(長野電鉄長野線), 36.76118963666697, 138.39368637918005
信濃吉田Station(長野電鉄長野線), 36.66744886207502, 138.22084930877998
市役所前Station(長野電鉄長野線), 36.647989318180976, 138.19107670071003
信州中野Station(長野電鉄長野線), 36.744657775254, 138.36482657763997
善光寺下Station(長野電鉄長野線), 36.65850217338098, 138.19351406272995
中野松川Station(長野電鉄長野線), 36.750579343777986, 138.37427251004
附属中学前Station(長野電鉄長野線), 36.66247515476401, 138.24829510883
川西Station(近鉄長野線), 34.491906489680005, 135.59062690046994
汐ノ宮Station(近鉄長野線), 34.46702104750099, 135.57918573766005
滝谷不動Station(近鉄長野線), 34.481393591976016, 135.58673459443003
富田林Station(近鉄長野線), 34.50437830917599, 135.60076559364006
古市Station(近鉄長野線), 34.55376089579299, 135.60892921495997
富田林西口Station(近鉄長野線), 34.500239675364014, 135.59629312432003
岐阜Station(高山本線), 35.409519813643, 136.75660274903998
岐阜Station(東海道本線), 35.409519813643, 136.75660274903998
岐阜羽島Station(東海道新幹線), 35.31566078340998, 136.68561936593005
西岐阜Station(東海道本線), 35.404662555941, 136.72335783430003
名鉄岐阜Station(名鉄各務原線), 35.41158066686499, 136.76021535793006
名鉄岐阜Station(名鉄名古屋本線), 35.41158066686499, 136.76021535793006
モレラ岐阜Station(樽見線), 35.45512282408801, 136.66978768647004
静岡Station(東海道本線), 34.971698008062006, 138.38906371812004
静岡Station(東海道新幹線), 34.971698008062006, 138.38906371812004
新静岡Station(静岡清水線), 34.975846502119, 138.38749969677997
東静岡Station(東海道本線), 34.98391923110499, 138.41261624724007
柚木Station(静岡清水線), 34.98205828117206, 138.40633885359
入江岡Station(静岡清水線), 35.01491748952, 138.48127621597996
音羽町Station(静岡清水線), 34.97836843139301, 138.39589888426997
春日町Station(静岡清水線), 34.978420553556006, 138.4009514503
狐ヶ崎Station(静岡清水線), 35.011529322021005, 138.45969518777997
草薙Station(静岡清水線), 35.00135403144, 138.44258503207993
桜橋Station(静岡清水線), 35.01312959651699, 138.47757859913997
新清水Station(静岡清水線), 35.01699241545201, 138.48753760292993
長沼Station(静岡清水線), 34.989072657213, 138.41283003606998
日吉町Station(静岡清水線), 34.976976465845, 138.39108234818002
古庄Station(静岡清水線), 34.99280440697299, 138.41950532559997
御門台Station(静岡清水線), 35.00782455472401, 138.45245894536004
県総合運動場Station(静岡清水線), 34.993446605307014, 138.43017038972994
県立美術館前Station(静岡清水線), 34.997390360709986, 138.43800257239002
愛知御津Station(東海道本線), 34.81255922978799, 137.31670169323002
愛知川Station(近江本線), 35.17617730396299, 136.21363369341998
愛知大学前Station(渥美線), 34.74172590597101, 137.38571328628996
永覚Station(愛知環状鉄道線), 35.02741759119699, 137.13897432067006
岡崎Station(愛知環状鉄道線), 34.925390586242, 137.15728741567
貝津Station(愛知環状鉄道線), 35.133112839675974, 137.14825068233995
北岡崎Station(愛知環状鉄道線), 34.97230328833197, 137.15767369107994
高蔵寺Station(愛知環状鉄道線), 35.26432436412999, 137.04322003335005
篠原Station(愛知環状鉄道線), 35.15475670891999, 137.12072128584998
四郷Station(愛知環状鉄道線), 35.12193846264701, 137.16274683032998
新豊田Station(愛知環状鉄道線), 35.08804507969799, 137.15356985801998
末野原Station(愛知環状鉄道線), 35.03950341752001, 137.14694919176998
瀬戸口Station(愛知環状鉄道線), 35.206490888652, 137.08208776028005
瀬戸市Station(愛知環状鉄道線), 35.22596258734002, 137.07842636906003
大門Station(愛知環状鉄道線), 34.982604050681985, 137.15473557383007
中岡崎Station(愛知環状鉄道線), 34.956308979254004, 137.15280868954005
中水野Station(愛知環状鉄道線), 35.250313663547985, 137.07201903815997
保見Station(愛知環状鉄道線), 35.136658017014994, 137.13450862162995
六名Station(愛知環状鉄道線), 34.941353651772005, 137.15201229755996
八草Station(愛知環状鉄道線), 35.17585563898099, 137.10677010523
山口Station(愛知環状鉄道線), 35.19780735790299, 137.10177636483002
愛環梅坪Station(愛知環状鉄道線), 35.105037331264995, 137.1608116126
北野桝塚Station(愛知環状鉄道線), 34.996345124041994, 137.13955939295
新上挙母Station(愛知環状鉄道線), 35.07135857880699, 137.15117929576002
三河上郷Station(愛知環状鉄道線), 35.012489128878016, 137.13272240248
三河豊田Station(愛知環状鉄道線), 35.05546370734798, 137.15094426727
三重町Station(豊肥本線), 32.983742606728, 131.58397281790997
滋賀里Station(京阪石山坂本線), 35.04321204935701, 135.85891850511007
南滋賀Station(京阪石山坂本線), 35.036536777878, 135.85752985961994
京都Station(近鉄京都線), 34.98516030652401, 135.75842935263995
京都Station(JR京都線), 34.98516030652401, 135.75842935263995
京都Station(奈良線), 34.98516030652401, 135.75842935263995
京都Station(嵯峨野線), 34.98516030652401, 135.75842935263995
京都Station(山陰本線), 34.98516030652401, 135.75842935263995
京都Station(烏丸線), 34.986777489204, 135.75986742022997
京都Station(琵琶湖線), 34.98516030652401, 135.75842935263995
京都Station(東海道新幹線), 34.98516030652401, 135.75842935263995
京都Station(東海道本線), 34.98516030652401, 135.75842935263995
京都河原町Station(阪急京都本線), 35.00372542798904, 135.76858881633007
京都市役所前Station(東西線), 35.010907613599, 135.76878854972006
梅小路京都西Station(嵯峨野線), 34.98880311666299, 135.74317144275005
京都精華大前Station(叡山電鉄鞍馬線), 35.07304052556002, 135.76882838790993
小倉Station(近鉄京都線), 34.892921364683005, 135.78181948609995
桂Station(阪急京都本線), 34.97912669934199, 135.70316142031993
岸辺Station(JR京都線), 34.77693196580401, 135.54126758610005
興戸Station(近鉄京都線), 34.80840090954801, 135.77864867365997
狛田Station(近鉄京都線), 34.780433342725004, 135.78946168582002
吹田Station(JR京都線), 34.763180123085974, 135.52365160174998
竹田Station(近鉄京都線), 34.956029573861, 135.75614956098002
寺田Station(近鉄京都線), 34.853318644669, 135.77205770738
東寺Station(近鉄京都線), 34.980080748299, 135.75257204333002
伏見Station(近鉄京都線), 34.94612482304301, 135.76128545216
相川Station(阪急京都本線), 34.75762498506201, 135.53356891936005
淡路Station(阪急京都本線), 34.73939167780598, 135.51705498957995
伊勢田Station(近鉄京都線), 34.882105529233, 135.77896011005998
茨木Station(JR京都線), 34.815165095102, 135.56206845502004
茨木市Station(阪急京都本線), 34.81665924421202, 135.57581719579002
大久保Station(近鉄京都線), 34.87464533174101, 135.77695954277
大阪Station(JR京都線), 34.70228873074899, 135.49535090414997
大宮Station(阪急京都本線), 35.00363098915898, 135.74943050390993
大山崎Station(阪急京都本線), 34.89151218406501, 135.68169932714
桂川Station(JR京都線), 34.964441375327, 135.71034279626997
上新庄Station(阪急京都本線), 34.74898003973598, 135.53302813575
上鳥羽口Station(近鉄京都線), 34.96532842614299, 135.75240356858
烏丸Station(阪急京都本線), 35.003666239895, 135.76028754815002
上牧Station(阪急京都本線), 34.872003939516006, 135.66169175531002
木津川台Station(近鉄京都線), 34.74662033957301, 135.79602427009002
近鉄宮津Station(近鉄京都線), 34.79157202941899, 135.78746047895004
久津川Station(近鉄京都線), 34.86507037038001, 135.77476506520998
西院Station(阪急京都本線), 35.003518607177995, 135.73259798789002
島本Station(JR京都線), 34.880611149882995, 135.66272836866005
正雀Station(阪急京都本線), 34.775457233973, 135.54559425618004
新大阪Station(JR京都線), 34.733821949621, 135.50140555336998
新田辺Station(近鉄京都線), 34.820551390427, 135.77278977003994
新祝園Station(近鉄京都線), 34.76014372634501, 135.79276009262003
十条Station(近鉄京都線), 34.973961442532, 135.75242626792
十三Station(阪急京都本線), 34.720111072001984, 135.48246368234004
摂津市Station(阪急京都本線), 34.78626468813401, 135.55355006410002
摂津富田Station(JR京都線), 34.837734251773995, 135.59336193376998
大阪Station(大阪環状線), 34.70228873074899, 135.49535090414997
大阪Station(JR宝塚線), 34.70228873074899, 135.49535090414997
大阪Station(東海道本線), 34.70228873074899, 135.49535090414997
大阪Station(JR神戸線), 34.70228873074899, 135.49535090414997
大阪空港Station(大阪モノレール線), 34.791262037807996, 135.44206981948003
大阪梅田Station(阪神本線), 34.701325547414, 135.49710103307007
大阪港Station(中央線), 34.653829500242, 135.43427515576002
大阪難波Station(近鉄難波線), 34.66719647587799, 135.49913900916
新大阪Station(御堂筋線), 34.73296198124099, 135.49854083421997
新大阪Station(おおさか東線), 34.733821949621, 135.50140555336998
新大阪Station(JR宝塚線), 34.733821949621, 135.50140555336998
新大阪Station(山陽新幹線), 34.733821949621, 135.50140555336998
新大阪Station(東海道本線), 34.733821949621, 135.50140555336998
新大阪Station(東海道新幹線), 34.733821949621, 135.50140555336998
大阪梅田Station(阪急宝塚本線), 34.705505099734, 135.49830278595005
大阪梅田Station(阪急神戸本線), 34.705505099734, 135.49830278595005
大阪梅田Station(阪急京都本線), 34.705505099734, 135.49830278595005
大阪難波Station(阪神なんば線), 34.66719647587799, 135.49913900916
大阪上本町Station(近鉄大阪線), 34.66553018622098, 135.52169608565998
大阪上本町Station(近鉄難波線), 34.666121061395, 135.5192002847
大阪狭山市Station(南海高野線), 34.50482525691601, 135.55730938287002
大阪天満宮Station(東西線), 34.697384357518004, 135.51275879165996
大阪阿部野橋Station(近鉄南大阪線), 34.645485308851974, 135.51494335607003
大阪教育大前Station(近鉄大阪線), 34.645485308851974, 135.51494335607003
大阪城公園Station(大阪環状線), 34.687789947536004, 135.53434022217994
大阪城北詰Station(東西線), 34.694409993899015, 135.52565476025006
大阪ビジネスパークStation(長堀鶴見緑地線), 34.69191636880102, 135.52960449803004
恩智Station(近鉄大阪線), 34.60993891913398, 135.62622780111997
関屋Station(近鉄大阪線), 34.553694265028, 135.66782806104993
天満Station(大阪環状線), 34.704909490182985, 135.51226557997006
長瀬Station(近鉄大阪線), 34.64990725414097, 135.57759971021005
名張Station(近鉄大阪線), 34.62157054572398, 136.09570936446994
野田Station(大阪環状線), 34.68892044409699, 135.47482440935005
布施Station(近鉄大阪線), 34.664089317226, 135.56354046293995
真菅Station(近鉄大阪線), 34.519586563022, 135.77275203882004
弥刀Station(近鉄大阪線), 34.64144334795, 135.58331149597007
美旗Station(近鉄大阪線), 34.663042722628006, 136.13296368758006
矢田Station(近鉄南大阪線), 34.60598821287702, 135.53297410837
青山町Station(近鉄大阪線), 34.67304381251597, 136.17781518079005
赤目口Station(近鉄大阪線), 34.599733014373, 136.07419374075994
芦原橋Station(大阪環状線), 34.658491239661004, 135.48934716296003
安堂Station(近鉄大阪線), 34.580215359444, 135.62908355651007
伊賀神戸Station(近鉄大阪線), 34.673781296669006, 136.15240012180993
伊賀上津Station(近鉄大阪線), 34.682598196, 136.20464176149994
伊勢石橋Station(近鉄大阪線), 34.65690692931901, 136.40849489997004
伊勢中川Station(近鉄大阪線), 34.635327022069006, 136.47804460378006
今川Station(近鉄南大阪線), 34.626254867613994, 135.53111858679995
今里Station(近鉄大阪線), 34.664718930964014, 135.54993163551
兵庫Station(山陽本線), 34.668099690678005, 135.16460339283003
兵庫Station(JR神戸線), 34.668099690678005, 135.16460339283003
下兵庫Station(和歌山線), 34.668099690678005, 135.16460339283003
下兵庫こうふくStation(三国芦原線), 36.17019096971802, 136.20253756402997
奈良Station(桜井線), 34.680421390313995, 135.81878954186004
奈良Station(大和路線), 34.680421390313995, 135.81878954186004
奈良Station(関西本線), 34.680421390313995, 135.81878954186004
近鉄奈良Station(近鉄奈良線), 34.684305149492005, 135.82736865827997
奈良井Station(中央本線), 35.969420462911, 137.81624248468006
見奈良Station(伊予電横河原線), 33.792732505288996, 132.87322293133002
学研奈良登美ヶ丘Station(近鉄けいはんな線), 34.726563268668016, 135.75242252678004
宇治Station(奈良線), 34.726563268668016, 135.75242252678004
木津Station(奈良線), 34.735407284286026, 135.82474113899002
生駒Station(近鉄奈良線), 34.69315271391898, 135.69793906641996
稲荷Station(奈良線), 34.96667170057799, 135.77063791980004
黄檗Station(奈良線), 34.91272562298299, 135.80373425374
上狛Station(奈良線), 34.750466491352995, 135.82123792952007
木幡Station(奈良線), 34.92486212867399, 135.79895687868998
新田Station(奈良線), 34.874408447342006, 135.78074621861003
城陽Station(奈良線), 34.856116529964, 135.78076684690996
棚倉Station(奈良線), 34.77463062548601, 135.81612554825006
玉水Station(奈良線), 34.800069519093, 135.80696847700005
富雄Station(近鉄奈良線), 34.694331862328, 135.73516338954005
長池Station(奈良線), 34.84238230379398, 135.78977852914
額田Station(近鉄奈良線), 34.675189084248984, 135.65110840734997
布施Station(近鉄奈良線), 34.664089317226, 135.56354046293995
桃山Station(奈良線), 34.93255961303801, 135.77171000526005
菖蒲池Station(近鉄奈良線), 34.69795206004599, 135.76132097465006
石切Station(近鉄奈良線), 34.68477608655199, 135.65505973501
河内永和Station(近鉄奈良線), 34.664303507488, 135.57281764189997
河内小阪Station(近鉄奈良線), 34.663968745416014, 135.58145589557
河内花園Station(近鉄奈良線), 34.66275473579698, 135.61826970850007
学園前Station(近鉄奈良線), 34.69697090261097, 135.74977401956994
新大宮Station(近鉄奈良線), 34.685455633052996, 135.81082806665995
JR小倉Station(奈良線), 34.88911689806099, 135.78609724186003
東福寺Station(奈良線), 34.981235687218, 135.76979273984
東生駒Station(近鉄奈良線), 34.69194254071401, 135.70966670494
東花園Station(近鉄奈良線), 34.662491123300015, 135.62650787019993
瓢箪山Station(近鉄奈良線), 34.66202729840899, 135.63897991761996
枚岡Station(近鉄奈良線), 34.669526656955995, 135.64806186681994
八戸ノ里Station(近鉄奈良線), 34.66375395177599, 135.58931721338
山城青谷Station(奈良線), 34.82812316757499, 135.80009811474997
山城多賀Station(奈良線), 34.81760359110402, 135.80623468853003
六地蔵Station(奈良線), 34.932945164252985, 135.79709476272
若江岩田Station(近鉄奈良線), 34.663133459749005, 135.60821057762996
JR藤森Station(奈良線), 34.94801294236099, 135.77555413342998
大和西大寺Station(近鉄奈良線), 34.693531237863, 135.78316908724003
和歌山Station(和歌山線), 34.232283794079976, 135.19139747345002
和歌山Station(和歌山電鐵貴志川線), 34.23236679284399, 135.19175843911
和歌山市Station(南海和歌山港線), 34.236675736521974, 135.16661650038998
和歌山Station(阪和線), 34.232283794079976, 135.19139747345002
和歌山港Station(南海和歌山港線), 34.217317471589, 135.14636990789995
和歌山Station(紀勢本線), 34.232283794079976, 135.19139747345002
和歌山Station(きのくに線), 34.232283794079976, 135.19139747345002
和歌山市Station(紀勢本線), 34.236675736521974, 135.16661650038998
和歌山市Station(南海本線), 34.236675736521974, 135.16661650038998
和歌山市Station(南海加太線), 34.236675736521974, 135.16661650038998
和歌山大学前Station(南海本線), 34.27634655124497, 135.14711303429
岩出Station(和歌山線), 34.25501116335097, 135.32121536153
打田Station(和歌山線), 34.26514999139802, 135.36412727281004
王寺Station(和歌山線), 34.597478129414995, 135.70374443503
大谷Station(和歌山線), 34.29865516118599, 135.49396331092998
香芝Station(和歌山線), 34.543758259981985, 135.70532311634997
笠田Station(和歌山線), 34.29205158712401, 135.47990725861996
粉河Station(和歌山線), 34.270692274287015, 135.40409759380998
五条Station(和歌山線), 34.35575840120099, 135.69873402115002
御所Station(和歌山線), 34.465078836039, 135.73379328480996
志都美Station(和歌山線), 34.56204010646799, 135.70186580018003
隅田Station(和歌山線), 34.32804454158999, 135.65553571918997
千旦Station(和歌山線), 34.24170496638699, 135.24613837059997
高田Station(和歌山線), 34.51632528155599, 135.74466960362997
玉手Station(和歌山線), 34.45838693177599, 135.74839323507
名手Station(和歌山線), 34.272983689967006, 135.43370492923998
橋本Station(和歌山線), 34.31817672023199, 135.61474061027002
畠田Station(和歌山線), 34.577871352409005, 135.70367110606003
船戸Station(和歌山線), 34.24838661426499, 135.31172241039997
布施屋Station(和歌山線), 34.24445200764498, 135.26168191954002
妙寺Station(和歌山線), 34.29856670646902, 135.51736276896997
掖上Station(和歌山線), 34.45247093985701, 135.7630031586
竈山Station(和歌山電鐵貴志川線), 34.207238321995035, 135.20727715349994
紀伊小倉Station(和歌山線), 34.24632346067101, 135.28732423845997
紀伊長田Station(和歌山線), 34.26826026346198, 135.39154077232
紀伊山田Station(和歌山線), 34.312842197243995, 135.5838158637
貴志Station(和歌山電鐵貴志川線), 34.20946010820401, 135.31196666958
北宇智Station(和歌山線), 34.38231984131099, 135.71443101017996
吉礼Station(和歌山電鐵貴志川線), 34.203352161458014, 135.23599776674996
神前Station(和歌山電鐵貴志川線), 34.213263258423, 135.20514389290997
高野口Station(和歌山線), 34.307621595374, 135.55724798317
山東Station(和歌山電鐵貴志川線), 34.205804230067, 135.26232938201997
下井阪Station(和歌山線), 34.26200980099698, 135.34012947586996
田井ノ瀬Station(和歌山線), 34.242259535539006, 135.22988977511
中飯降Station(和歌山線), 34.304233734709, 135.53204629761
西笠田Station(和歌山線), 34.280164575067985, 135.45332397636002
大和新庄Station(和歌山線), 34.48891018879101, 135.73606028253994
大和二見Station(和歌山線), 34.346226657301, 135.68475056093007
吉野口Station(和歌山線), 34.42103020823997, 135.75042131679993
鳥取Station(山陰本線), 35.493985569185995, 134.22590706444998
鳥取Station(因美線), 35.493985569185995, 134.22590706444998
和泉鳥取Station(阪和線), 34.34238394728601, 135.26318456101
鳥取ノ荘Station(南海本線), 34.351323221613, 135.23183701375
鳥取大学前Station(山陰本線), 35.51822958740598, 134.17380292308997
島根銀行松江Station前支店, 35.46419393970599, 133.06104363899
島根銀行Station前本部, 35.46426429288201, 133.06077511417004
バジェットレンタカー島根出雲Station前店, 35.36101523999001, 132.74931437236
トヨタレンタリース島根出雲Station南店, 35.35910531236699, 132.75982411197003
スーパーホテル島根・松江Station前, 35.465532844000975, 133.06236119480002
トヨタレンタリース島根浜田Station北口店, 35.465532844000975, 133.06236119480002
トヨタレンタリース島根益田Station北店, 34.68227880782301, 131.83688719118004
トヨタレンタリース島根松江Station南店, 35.461955424664, 133.06563717799997
トヨタレンタリース島根出雲市Station前店, 35.360182595596996, 132.75931861561003
島根銀行鳥取Station南出張所, 35.48861370877701, 134.23040996698
島根銀行米子Station前出張所, 35.43896611099498, 133.3279375446
パック島根 ハートボックス松江Station前事業所, 35.46451062751301, 133.05987523464
出雲市Station北駐車場, 35.36098641209199, 132.75511872125003
出雲市Station西駐輪場管理事務所, 35.36068979554099, 132.75584803951006
出雲市Station東駐輪場, 35.36121238965799, 132.75918222008
出雲市立 Station西駐輪場, 35.36068979554099, 132.75584803951006
出雲市立 Station東駐輪場, 35.36121238965799, 132.75918222008
おしゃべり居酒屋 居心伝 出雲Station前店, 35.360714741227994, 132.75345088137
山ちゃん・出雲Station前店, 35.360714741227994, 132.75345088137
アップマツエいずもStation前SS, 35.36022181130802, 132.75999637313998
出雲警察署出雲市Station前交番, 35.361168105157006, 132.75551276559997
ウエルシア益田Station前店, 34.677132690702976, 131.83948467184996
すき家出雲市Station南店, 35.360155942294, 132.75882599712997
タイムズカー出雲市Station前店, 35.35967629897, 132.75464431400997
益田Station前郵便局, 34.67839420169501, 131.83722295657003
ローソン益田Station前店, 34.677164681750995, 131.83807897814995
岡山Station(山陽本線), 34.666535957785, 133.91807787257994
岡山Station(宇野線), 34.666535957785, 133.91807787257994
岡山Station(津山線), 34.666535957785, 133.91807787257994
岡山Station(吉備線), 34.666535957785, 133.91807787257994
岡山Station(山陽新幹線), 34.666535957785, 133.91807787257994
岡山Station(瀬戸大橋線), 34.666535957785, 133.91807787257994
大岡山Station(東急目黒線), 35.60758019345499, 139.68594761348004
大岡山Station(東急大井町線), 35.60758019345499, 139.68594761348004
東岡山Station(赤穂線), 34.685765275412024, 133.9873190853
東岡山Station(山陽本線), 34.685765275412024, 133.9873190853
岡山Station前駅(岡電清輝橋線), 34.66554410529099, 133.91962076697996
岡山Station前駅(岡電東山本線), 34.66554410529099, 133.91962076697996
広島Station(芸備線), 34.39761979445599, 132.47536305110998
広島Station(山陽本線), 34.39761979445599, 132.47536305110998
広島Station(山陽新幹線), 34.39761979445599, 132.47536305110998
広島Station(広電紙屋町経由江波線), 34.39632219266299, 132.47531546954997
広島Station(広電己斐線), 34.39632219266299, 132.47531546954997
広島Station(広電紙屋町経由宇品線), 34.39632219266299, 132.47531546954997
広島Station(広電比治山下経由宇品線), 34.39632219266299, 132.47531546954997
北広島Station(千歳線), 42.979170750210955, 141.56305363312003
西広島Station(山陽本線), 34.397959020638, 132.42782769307996
東広島Station(山陽新幹線), 34.389326920859006, 132.75964413605004
広島港Station(広電宇品己斐線), 34.352659804449985, 132.45566055293
広島港Station(広電紙屋町経由宇品線), 34.352659804449985, 132.45566055293
広島港Station(広電比治山下経由宇品線), 34.352659804449985, 132.45566055293
広電西広島Station(広電己斐線), 34.39679315357699, 132.42777273314005
広電西広島Station(宮島線), 34.39679315357699, 132.42777273314005
広電西広島Station(広電宇品己斐線), 34.39679315357699, 132.42777273314005
JA広島病院前Station(宮島線), 34.343852063868, 132.32231181523002
みどり口Station(広島短距離交通瀬野線), 34.42216640354199, 132.59632980519996
みどり中央Station(広島短距離交通瀬野線), 34.430405980844995, 132.58950691856
みどり中街Station(広島短距離交通瀬野線), 34.42769798838401, 132.59492463867002
山口Station(山口線), 34.172716729735, 131.48105876185002
上山口Station(山口線), 34.182506679309, 131.48493412931998
新山口Station(山口線), 34.093445178557005, 131.39648568638995
犬山口Station(名鉄犬山線), 35.374235324214965, 136.93995201848998
浦山口Station(秩父本線), 35.96395127150599, 139.05822199438
篠山口Station(JR宝塚線), 35.05628666352999, 135.17742314314
篠山口Station(福知山線), 35.05628666352999, 135.17742314314
信貴山口Station(近鉄信貴線), 35.05628666352999, 135.17742314314
下山口Station(西武狭山線), 35.77943130861999, 139.44123457625005
新山口Station(宇部線), 34.093445178557005, 131.39648568638995
新山口Station(山陽新幹線), 34.093445178557005, 131.39648568638995
新山口Station(山陽本線), 34.093445178557005, 131.39648568638995
高尾山口Station(京王高尾線), 35.63239736715602, 139.26982305878005
大山口Station(山陰本線), 35.485021429212, 133.45662564886993
津山口Station(津山線), 35.05446382733301, 133.98269550368002
中山口Station(山陰本線), 35.52082522282099, 133.58999241721995
肥前山口Station(佐世保線), 33.219095908553996, 130.16108331563998
肥前山口Station(長崎本線), 33.219095908553996, 130.16108331563998
三ヶ山口Station(水間線), 34.407134382161004, 135.38498274217
山口団地Station(リアス線), 39.646303253447, 141.93321890491006
信貴山口Station(西信貴ケーブル), 34.619952149404995, 135.64209007226998
登山口Station(箸蔵山ロープウェイ), 34.03989613089399, 133.84396675688004
西山口Station(和歌山電鐵貴志川線), 34.20969719132199, 135.29109236271006
八栗登山口Station(八栗ケーブル), 34.355122365062, 134.13365018491004
葛城登山口Station(葛城山ロープウェイ), 34.463606212654, 135.69961932063006
徳力嵐山口Station(モノレール小倉線), 33.82463270055099, 130.86373608504005
大江山口内宮Station(宮福線), 35.43201111338399, 135.15834589734004
白神岳登山口Station(五能線), 40.513504773541996, 139.95042722602
七ヶ岳登山口Station(会津線), 37.12428172472397, 139.71735696859002
坂本比叡山口Station(京阪石山坂本線), 35.07049672974101, 135.87132371364999
八瀬比叡山口Station(叡山電鉄叡山本線), 35.065235348489, 135.80845017445995
仁保Station(山口線), 35.065235348489, 135.80845017445995
青原Station(山口線), 34.56055141690899, 131.80087545992
大歳Station(山口線), 34.14696373189901, 131.43254989101
上郷Station(山口線), 34.116002688877, 131.40188355292003
篠目Station(山口線), 34.27907409333399, 131.56219634467993
地福Station(山口線), 34.362725692449004, 131.67409077688
津和野Station(山口線), 34.47257502725999, 131.77369052829
徳佐Station(山口線), 34.399722351546984, 131.72008652802003
名草Station(山口線), 34.353682940375975, 131.65113574462998
鍋倉Station(山口線), 34.378207307661015, 131.6940035207
日原Station(山口線), 34.53264627037801, 131.83184348184
仁保津Station(山口線), 34.129024462374005, 131.41564893460998
益田Station(山口線), 34.67824758047199, 131.83887350648
三谷Station(山口線), 34.34153313570499, 131.6242909051
宮野Station(山口線), 34.19143692516401, 131.49872362429005
矢原Station(山口線), 34.15060658443299, 131.44625754618005
渡川Station(山口線), 34.32290487763899, 131.60403628219
徳島Station(牟岐線), 34.07451937765799, 134.55162072920007
徳島Station(高徳線), 34.07451937765799, 134.55162072920007
学Station(徳島線), 34.057675468598006, 134.28667259492
府中Station(徳島線), 34.07417990223999, 134.48293278376002
佐古Station(徳島線), 34.080624394414016, 134.53842769526
佃Station(徳島線), 34.032419023572984, 133.85754528764005
辻Station(徳島線), 34.02917074237601, 133.87376495357
鮎喰Station(徳島線), 34.07740104960601, 134.50620900778995
穴吹Station(徳島線), 34.055868572910995, 134.16366550232
石井Station(徳島線), 34.07031749152101, 134.44435330263002
牛島Station(徳島線), 34.07679197355199, 134.39731436480997
江口Station(徳島線), 34.037118995189985, 133.97362987484996
麻植塚Station(徳島線), 34.07506645992004, 134.37638213857997
小島Station(徳島線), 34.050269812127, 134.10712654434997
鴨島Station(徳島線), 34.07368617590201, 134.35629095259003
川田Station(徳島線), 34.06130209804199, 134.20460246888
蔵本Station(徳島線), 34.07934609530598, 134.51829050774995
貞光Station(徳島線), 34.039249609633984, 134.05933823499004
下浦Station(徳島線), 34.06765128362498, 134.4211324319
西麻植Station(徳島線), 34.072454880682, 134.33644574047003
三加茂Station(徳島線), 34.03581061276199, 133.94906408737006
山瀬Station(徳島線), 34.060105113784985, 134.25636594054004
阿波加茂Station(徳島線), 34.03686485069201, 133.92705000106002
阿波川島Station(徳島線), 34.06195373478997, 134.32103043118002
阿波半田Station(徳島線), 34.040910918932994, 134.03618922793999
阿波山川Station(徳島線), 34.05519760846299, 134.23442628018006
香川Station(相模線), 35.356541845623994, 139.39985084392004
愛媛銀行フジ新居浜Station前店, 33.94707094921003, 133.29291184815997
愛媛銀行松山Station前支店, 33.84741831917499, 132.75853740047
愛媛銀行JR四国今治Station共同, 34.06431037376399, 132.99367593598004
愛媛ビル Station前ビル, 33.843551459002, 132.75202747057006
高知Station(土讃線), 33.56713236768002, 133.54360862570002
高知橋Station(とさでん桟橋線), 33.564107622775, 133.54342310797006
高知Station前駅(とさでん桟橋線), 33.56673499739901, 133.54367563173003
高知城前Station(とさでん伊野線), 33.55844589935998, 133.53404235593007
高知商業前Station(土讃線), 33.558328136520984, 133.49714661626
福岡Station(あいの風とやま鉄道線), 36.708351898431005, 136.93201127506995
伊那福岡Station(飯田線), 35.712390598753004, 137.9339413903
上福岡Station(東武東上線), 35.87386852131699, 139.51187975247
福岡空港Station(空港線), 33.597345893498044, 130.44778033900002
南福岡Station(鹿児島本線), 33.542101471254, 130.46030868854996
西鉄福岡天神Station(西鉄天神大牟田線), 33.58903994047499, 130.39958992969002
佐賀Station(長崎本線), 33.264158275176015, 130.29741381013002
佐賀公園Station(中村線), 33.06471076876599, 133.10614262685
土佐佐賀Station(中村線), 33.08097683771298, 133.10135057917
長崎Station(長崎本線), 32.752111886555014, 129.86873906837002
長崎Station(とさでん後免線), 33.57503318536298, 133.62081807570996
長崎Station前駅(長崎電気軌道1系統), 32.752452904612014, 129.87189839993994
長崎Station前駅(長崎電気軌道3系統), 32.752452904612014, 129.87189839993994
長崎大学Station(長崎電気軌道1系統), 32.785050022248, 129.86248442627993
長崎大学Station(長崎電気軌道3系統), 32.785050022248, 129.86248442627993
羽前長崎Station(左沢線), 38.332836963781006, 140.27300955520002
東長崎Station(西武池袋線), 35.73009132406699, 139.68320093774003
落合南長崎Station(大江戸線), 35.72337008963301, 139.68350418204
伊賀屋Station(長崎本線), 33.290073036509, 130.33651959319002
諫早Station(長崎本線), 32.85125671853099, 130.04147560738
市布Station(長崎本線), 32.819120012239, 129.96609322077006
牛津Station(長崎本線), 33.247885856820005, 130.20131055025
浦上Station(長崎本線), 32.765819227543986, 129.86329983809003
小江Station(長崎本線), 32.89128144618199, 130.11221720776007
大草Station(長崎本線), 32.86028183079799, 129.93900661771
神埼Station(長崎本線), 33.31579379892001, 130.37443248731006
喜々津Station(長崎本線), 32.832729832056, 129.98653603185994
久保田Station(長崎本線), 33.255658983142, 130.22919819988
高田Station(長崎本線), 32.819479227865, 129.86962991153996
多良Station(長崎本線), 33.02537832075001, 130.17601400156002
鳥栖Station(長崎本線), 33.37431782138998, 130.51986279213997
中原Station(長崎本線), 33.346347527317036, 130.44005974675997
長里Station(長崎本線), 32.91539451184299, 130.16586800356004
長与Station(長崎本線), 32.81888447474, 129.87955603107002
鍋島Station(長崎本線), 33.25900727561, 130.26566781493
湯江Station(長崎本線), 32.904863417711994, 130.14065829605
赤迫Station(長崎電気軌道3系統), 32.793951916569014, 129.85740865931996
赤迫Station(長崎電気軌道1系統), 32.793951916569014, 129.85740865931996
石橋Station(長崎電気軌道5系統), 32.73438163668297, 129.87233281630006
稲佐岳Station(長崎ロープウェイ), 32.754264624369, 129.84927339417004
現川Station(長崎本線), 32.791102485333, 129.92636751271993
大橋Station(長崎電気軌道1系統), 32.777907733251, 129.86141195331004
大橋Station(長崎電気軌道3系統), 32.777907733251, 129.86141195331004
大波止Station(長崎電気軌道1系統), 32.746099633756955, 129.87221553153995
小長井Station(長崎本線), 32.924473025905, 130.18673763931997
桜町Station(長崎電気軌道3系統), 32.750666189299, 129.87640903836996
新鳥栖Station(長崎本線), 33.369712557787, 130.49105051789002
住吉Station(長崎電気軌道3系統), 32.79217616145401, 129.85977049112
住吉Station(長崎電気軌道1系統), 32.79217616145401, 129.85977049112
宝町Station(長崎電気軌道1系統), 32.75818519132601, 129.86853855828997
宝町Station(長崎電気軌道3系統), 32.75818519132601, 129.86853855828997
出島Station(長崎電気軌道1系統), 32.74390387574201, 129.87176962708998
西諫早Station(長崎本線), 32.83970266655099, 130.02119972956007
西浦上Station(長崎本線), 32.79016738020299, 129.85920859252997
バルーンさがStation(長崎本線), 33.257618831924006, 130.24664369617994
東諫早Station(長崎本線), 32.852812907423, 130.06161175281
東園Station(長崎本線), 32.846666617949, 129.96119371255998
肥前飯田Station(長崎本線), 33.05560355426201, 130.15879977267002
熊本Station(豊肥本線), 32.789875938601014, 130.68867839662994
熊本Station(鹿児島本線), 32.789875938601014, 130.68867839662994
熊本Station(九州新幹線), 32.79035329820201, 130.68852402301002
上熊本Station(熊本市電B系統), 32.817327687258995, 130.69936134736997
上熊本Station(熊本電鉄菊池線), 32.818356579209976, 130.69983327818
北熊本Station(熊本電鉄藤崎線), 32.82757494254402, 130.72183406501995
北熊本Station(熊本電鉄菊池線), 32.82757494254402, 130.72183406501995
熊本Station前駅(熊本市電A系統), 32.789530163033035, 130.68967294152003
上熊本Station(鹿児島本線), 32.818157926114964, 130.69935095160997
西熊本Station(鹿児島本線), 32.818157926114964, 130.69935095160997
南熊本Station(豊肥本線), 32.78510957693702, 130.71180507366
熊本高専前Station(熊本電鉄菊池線), 32.87802866594299, 130.74618355950997
熊本城・市役所前Station(熊本市電A系統), 32.80315244334301, 130.70722401300998
熊本城・市役所前Station(熊本市電B系統), 32.80315244334301, 130.70722401300998
池田Station(熊本電鉄菊池線), 32.82708773066501, 130.70750636208004
打越Station(熊本電鉄菊池線), 32.823688234683004, 130.71383188398
蔚山町Station(熊本市電B系統), 32.803553956399966, 130.69695204813002
亀井Station(熊本電鉄菊池線), 32.837414832855, 130.72225476974995
河原町Station(熊本市電A系統), 32.794859268951015, 130.70100078729
韓々坂Station(熊本電鉄菊池線), 32.82421595259801, 130.70191593831998
祗園橋Station(熊本市電A系統), 32.79261739767196, 130.69424545119
黒石Station(熊本電鉄菊池線), 32.87037845895898, 130.74210612594004
黒髪町Station(熊本電鉄藤崎線), 32.818356904319, 130.71727571474003
健軍町Station(熊本市電A系統), 32.778389257803994, 130.76105683738
健軍町Station(熊本市電B系統), 32.778389257803994, 130.76105683738
国府Station(熊本市電A系統), 32.79188813413501, 130.72933232626997
国府Station(熊本市電B系統), 32.79188813413501, 130.72933232626997
呉服町Station(熊本市電A系統), 32.795679183459015, 130.69693363037004
新須屋Station(熊本電鉄菊池線), 32.85389265267601, 130.73251404334997
新町Station(熊本市電B系統), 32.79977463899996, 130.69714000496003
杉塘Station(熊本市電B系統), 32.810496420557996, 130.69708373001004
須屋Station(熊本電鉄菊池線), 32.857962763638, 130.73643995966995
洗馬橋Station(熊本市電B系統), 32.79916074769399, 130.69923383334003
田崎橋Station(熊本市電A系統), 32.78565591600599, 130.68858913970007
段山町Station(熊本市電B系統), 32.806468847882996, 130.69547297958002
八景水谷Station(熊本電鉄菊池線), 32.84135339522396, 130.72277561992996
堀川Station(熊本電鉄菊池線), 32.848983575651985, 130.72530119365
三ツ石Station(熊本電鉄菊池線), 32.86415709520399, 130.73832862787003
御代志Station(熊本電鉄菊池線), 32.885126935266996, 130.75024300906
辛島町Station(熊本市電A系統), 32.798969876775004, 130.70500032153996
辛島町Station(熊本市電B系統), 32.798969876775004, 130.70500032153996
慶徳校前Station(熊本市電A系統), 32.79711404068101, 130.70248859509002
健軍校前Station(熊本市電B系統), 32.781842679451, 130.75106164228998
健軍校前Station(熊本市電A系統), 32.781842679451, 130.75106164228998
交通局前Station(熊本市電B系統), 32.79811915815999, 130.71939030425006
交通局前Station(熊本市電A系統), 32.79811915815999, 130.71939030425006
水道町Station(熊本市電B系統), 32.802414625062, 130.71248056121
水道町Station(熊本市電A系統), 32.802414625062, 130.71248056121
通町筋Station(熊本市電A系統), 32.803283475716, 130.70975978233002
通町筋Station(熊本市電B系統), 32.803283475716, 130.70975978233002
大分Station(日豊本線), 33.23265177708899, 131.60616363603003
大分Station(久大本線), 33.23265177708899, 131.60616363603003
大分Station(豊肥本線), 33.23265177708899, 131.60616363603003
筑前大分Station(篠栗線), 33.590073171187, 130.62990204439006
西大分Station(日豊本線), 33.244740951086996, 131.58302074672997
南大分Station(久大本線), 33.214078499835, 131.58618830906994
筑前大分Station(福北ゆたか線), 33.590073171187, 130.62990204439006
大分大学前Station(豊肥本線), 33.176974357945994, 131.61908839106002
宮崎Station(空港線), 31.915845956984, 131.43198755282003
宮崎Station(日豊本線), 31.915845956984, 131.43198755282003
宮崎空港Station(宮崎空港線), 31.872472963245997, 131.44041492262
南宮崎Station(日南線), 31.895313081599, 131.42281888881996
南宮崎Station(空港線), 31.895313081599, 131.42281888881996
南宮崎Station(日豊本線), 31.895313081599, 131.42281888881996
宮崎空港Station(空港線), 31.872472963245997, 131.44041492262
宮崎神宮Station(日豊本線), 31.938635383098998, 131.43065208491998
宮崎台Station(東急田園都市線), 35.58724395935299, 139.59113148076995
越中宮崎Station(あいの風とやま鉄道線), 35.58724395935299, 139.59113148076995
田吉Station(宮崎空港線), 31.87894805367398, 131.43045963456007
鹿児島Station(鹿児島本線), 31.602126146605997, 130.56411813301997
鹿児島Station(日豊本線), 31.602126146605997, 130.56411813301997
南鹿児島Station(指宿枕崎線), 31.554709079830033, 130.54365810296997
鹿児島中央Station(鹿児島本線), 31.583658810651002, 130.54176756364996
鹿児島Station前駅(鹿児島市電1系統), 31.601323209468006, 130.56261728557
鹿児島Station前駅(鹿児島市電2系統), 31.601323209468006, 130.56261728557
鹿児島中央Station(九州新幹線), 31.583658810651002, 130.54176756364996
鹿児島中央Station(指宿枕崎線), 31.583658810651002, 130.54176756364996
鹿児島中央Station前駅(鹿児島市電2系統), 31.58369483990097, 130.54362639817998
南鹿児島Station前駅(鹿児島市電1系統), 31.555267025770007, 130.54412104838002
赤間Station(鹿児島本線), 33.80824095374601, 130.56954058083
荒尾Station(鹿児島本線), 32.994433620432005, 130.43463650060994
荒木Station(鹿児島本線), 33.276677669988004, 130.50267694165996
有佐Station(鹿児島本線), 32.562730846150004, 130.67025656064993
市来Station(鹿児島本線), 31.689424052695017, 130.30339087462994
植木Station(鹿児島本線), 32.88009821085001, 130.68086136405998
宇土Station(鹿児島本線), 32.693937291167, 130.66898953113002
小川Station(鹿児島本線), 32.60129308757401, 130.69407343565
折尾Station(鹿児島本線), 33.86374887636799, 130.71237172443
香椎Station(鹿児島本線), 33.65943969113002, 130.4441389963
春日Station(鹿児島本線), 33.534765814389004, 130.46923795194994
基山Station(鹿児島本線), 33.420707826246, 130.53228530534
古賀Station(鹿児島本線), 33.73241472916101, 130.46683096454
小倉Station(鹿児島本線), 33.88689790219502, 130.88254403180997
木葉Station(鹿児島本線), 32.916409063114, 130.6261973193
瀬高Station(鹿児島本線), 33.156952026065994, 130.48537166862002
田代Station(鹿児島本線), 33.384232779695, 130.52483407843
玉名Station(鹿児島本線), 32.92598053442099, 130.54881601960005
千鳥Station(鹿児島本線), 33.74896800362902, 130.47627365873996
千早Station(鹿児島本線), 33.649152719325, 130.44039036367997
鳥栖Station(鹿児島本線), 33.37431782138998, 130.51986279213997
戸畑Station(鹿児島本線), 33.89704053584701, 130.82034838791003
長洲Station(鹿児島本線), 32.935587687137, 130.45426926820005
博多Station(鹿児島本線), 33.590188038707, 130.42068498689002
原田Station(鹿児島本線), 33.451337366118, 130.53930297585998
広木Station(鹿児島本線), 31.57669000487502, 130.50441579151004
福間Station(鹿児島本線), 33.763661520333, 130.48721626666998
水城Station(鹿児島本線), 33.51777282505, 130.49019463600996
門司Station(鹿児島本線), 33.904144879328, 130.93229304524993
八幡Station(鹿児島本線), 33.86920925539101, 130.79523643451
吉野Station(鹿児島本線), 33.07558895641898, 130.46633352341996
渡瀬Station(鹿児島本線), 33.09954210682598, 130.46004246147004
伊集院Station(鹿児島本線), 31.630261490896004, 130.39581448661
枝光Station(鹿児島本線), 33.879487416362, 130.81310053088998
海老津Station(鹿児島本線), 33.84009931816101, 130.62364579910002
大野下Station(鹿児島本線), 32.92164516679699, 130.50243130131003
大野城Station(鹿児島本線), 33.52499380480201, 130.48000136483006
大牟田Station(鹿児島本線), 33.02945579991301, 130.44387475411997
遠賀川Station(鹿児島本線), 33.84673451002901, 130.67365507954003
沖縄銀行アクロスプラザ古島Station前, 26.23042462836699, 127.70205080139999
沖縄のStationちゃんぷるー, 26.42990987236, 127.77528193943999
トヨタレンタリース沖縄おもろまちStation前Tギャラリア沖縄店, 26.222902525184992, 127.69779016657003
トヨタレンタリース沖縄なは国際通り牧志Station前店, 26.216441558560007, 127.69335602904994
地球屋安里Station前店, 26.216995878345003, 127.69666773547999
しあわせStation山内, 26.33239935731497, 127.78192387281001
道のStation喜名番所, 26.399453919837995, 127.75815317180002
道のStationかでな, 26.36819191471301, 127.77404745259003
安里Station前, 26.21637584757697, 127.69574957457007
おもろまちStation前, 26.222392085506982, 127.69830338091992
しあわせStation北谷, 26.32152870302299, 127.77870308065008
Monthly Weekly CLASS INNおもろまちStation前, 26.221896196806, 127.69884763924006
Mr.KINJO inおもろまちStation前, 26.221913571601988, 127.69896778487998
かりゆしコンドミニアムリゾート那覇スカイ・リビング旭橋Station前, 26.212701279601987, 127.67444633985997
コンドミニアムリゾート那覇リビングイン旭橋Station前アネックス, 26.213507208468002, 127.67543186693001
タイムズカーシェア 旭橋Station前(軽専用), 26.21063390465899, 127.67385055012005
福旭橋Station前店, 26.212837775378006, 127.67519652318003
ホテルリビングイン旭橋Station前プレミア, 26.21169896284799, 127.67407388838001
リビングイン旭橋Station前アネックス, 26.213507208468002, 127.67543186693001
ローソン浦添経塚Station前店, 26.23488514494899, 127.72561420394004
ローソン浦添前田Station前店, 26.241489268156002, 127.73041055775002
ENEOS Dr.Drive小禄Station前店, 26.198962436185, 127.66997766880002
かりゆしコンドミニアムリゾート那覇リビングイン旭橋Station前, 26.212699355332973, 127.67444698047007
サービス付き高齢者向け住宅首里Station前老人, 26.220119567601003, 127.72538965487001
シャールレーク那覇旭橋Station前, 26.214075482165, 127.67425546641994
ピースリーイン旭橋Station前, 26.21263762282301, 127.67410429217
安里眼科おもろまちStation前, 26.22463958187697, 127.69693521132001
ウォーターステーション牧志モノレールStation前店, 26.215909866622, 127.69353577238007
海人居酒屋一郎屋美栄橋Station前店, 26.220138720538003, 127.68458784612994
Station前薬局, 26.218514091951008, 127.72438870486008
