COSTCO WHOLESALE 札幌倉庫店, 42.97714958084899, 141.46613095222006
COSTCO WHOLESALE 石狩倉庫店, 43.18288071521701, 141.30995367923003
COSTCO WHOLESALE 富谷倉庫店, 38.393205513078016, 140.87690385329006
COSTCO WHOLESALE かみのやま倉庫店, 38.184597840881, 140.2969830723
COSTCO WHOLESALE つくば倉庫店, 36.09601115091199, 140.07982765534007
COSTCO WHOLESALE ひたちなか倉庫店, 36.39984808167401, 140.58650123243
COSTCO WHOLESALE 前橋倉庫店, 36.33266671395701, 139.09394315829002
COSTCO WHOLESALE 入間倉庫店, 35.81121548497501, 139.37915348067997
COSTCO WHOLESALE 新三郷倉庫店, 35.861191314663984, 139.86412975177996
COSTCO WHOLESALE 幕張倉庫店, 35.655062261211, 140.02785784055004
COSTCO WHOLESALE 木更津倉庫店, 35.427672799652, 139.91656937685002
COSTCO WHOLESALE 千葉ニュータウン倉庫店, 35.806365227040985, 140.12893913669996
COSTCO WHOLESALE 多摩境倉庫店, 35.60110888390899, 139.37672830395002
COSTCO WHOLESALE 野々市倉庫店, 36.528209948691995, 136.5817254809
COSTCO WHOLESALE 岐阜羽島倉庫店, 35.30395393847597, 136.69882388535007
COSTCO WHOLESALE 浜松倉庫店, 34.724194279963, 137.76439697274998
COSTCO WHOLESALE 守山倉庫店, 35.25191587654, 137.02700352266004
COSTCO WHOLESALE 中部空港倉庫店, 34.88835582140601, 136.82640056180003
COSTCO WHOLESALE 京都八幡倉庫店, 34.84166913445503, 135.71487050172004
COSTCO WHOLESALE 広島倉庫店, 34.391161262881, 132.48625601615004
