DECO HOME , 35.05282584346601, 135.73381804584005
DECO HOME 2, 35.05282584346601, 135.73381804584005
DECO HOME LICOPA鶴見店, 35.508958373008994, 139.68619127334
DECO HOME Li-Ka1920店, 31.582867920690973, 130.54297610096
DECO HOME 浦和パルコ店, 35.85862426554699, 139.65917542764998
DECO HOME 笹塚駅前店, 35.67383636774298, 139.66905727294
DECO HOME 静岡パルコ店, 34.972740388012966, 138.38565972023002
DECO HOME 西友浦安店, 35.66577472253999, 139.89447895777994
DECO HOME 西友川西店, 34.828541851126005, 135.41228154898
DECO HOME 西友行徳店, 35.68404681005299, 139.91531745426005
DECO HOME 西友与野店, 35.884804409998, 139.63183944953994
DECO HOME 二俣川駅前店, 35.46484690868, 139.53197873606996
DECO HOME COCOSA熊本下通店, 32.80224965918002, 130.70883439226998
DECO HOME 北上尾PAPA店, 35.987747039426, 139.57963273468
DECO HOME nonowa武蔵小金井店, 35.701136841031996, 139.50506838833996
DECO HOME 尼崎つかしん店, 34.76109528592998, 135.41950432765998
DECO HOME 有明ガーデン店, 35.63843349484098, 139.79293929506002
DECO HOME 海老名ビナウォーク店, 35.45203330913898, 139.39468078535003
DECO HOME 大宮ステラタウン店, 35.93292047146599, 139.62245792675003
DECO HOME 川崎ルフロン店, 35.52960958702499, 139.69690566783004
DECO HOME 京都ヨドバシ店, 34.988181224936994, 135.75897732485998
DECO HOME 湘南とうきゅう店, 35.37148911033, 139.44206817239
DECO HOME 須磨パティオ店, 34.677689185979986, 135.09541891752997
DECO HOME 豊橋カルミア店, 34.763369390389, 137.38259815205004
DECO HOME 西国分寺マイン店, 35.69932931457801, 139.46502637311005
DECO HOME 博多バスターミナル店, 33.59143904380299, 130.41973366449997
DECO HOME 八王子オクトーレ店, 35.657291880082, 139.33882018406996
DECO HOME 浜松メイワン店, 34.70418112435999, 137.73450251408997
DECO HOME 広島アルパーク店, 34.37372753463801, 132.39450592106004
DECO HOME 広島サンモール店, 34.39424079500198, 132.45664496201994
DECO HOME 晴海トリトンスクエア店, 35.657361162261026, 139.78223406891993
DECO HOME 横須賀モアーズシティ店, 35.278304576861984, 139.67005813128003
DECO HOME 大阪ベイタワー店, 34.66954740431801, 135.46066918232998
DECO HOME 小倉セントシティ店, 33.88523892268199, 130.88235197025006
DECO HOME 新所沢パルコ店, 35.80525460356702, 139.45545470282002
DECO HOME 高崎モントレー店, 36.322447612150995, 139.01203014544
DECO HOME 堺プラットプラット店, 34.582222457355996, 135.46982819723996
DECO HOME 東急ストア鎌倉駅前店, 35.318187376856, 139.55088365696997
DECO HOME 浅草ロックス・3G店, 35.71271439832701, 139.79345701502007
DECO HOME 泉中央セルバテラス店, 38.32433368534299, 140.88100687430006
DECO HOME 梅田阪急三番街店, 34.70605453438901, 135.49817977813996
DECO HOME 三宮センター街店, 34.69095695210497, 135.19150475802996
DECO HOME 西友ひばりヶ丘駅前店, 35.750752564032, 139.54526372775
DECO HOME 西友LIVINよこすか店, 35.27487765725401, 139.68379947851997
DECO HOME 東急プラザ新長田店, 34.65639281662399, 135.14457217350002
DECO HOME 洛北阪急スクエア店, 35.04116290184399, 135.77897910338993
DECO HOME 西武本川越ペペ店, 35.914578859108005, 139.48156032602003
DECO HOME 西武東戸塚S.C.店, 35.43014768469101, 139.55883007664
DECO HOME 宇都宮インターパークスタジアム店, 36.494134154989965, 139.91036265646994
DECO HOME アリオ上尾店, 35.961663445262985, 139.56551499880993
