LALAPORT , 38.43063594238902, 141.23910485250997
LALAPORT 2, 35.44699294463001, 133.05749589384004
LALAPORT , 43.19981920856199, 141.76535123662006
LALAPORT 3, 35.97458036929501, 139.33877577155
LALAPORT 4, 34.83401150959, 138.32616539002004
LALAPORT 5, 34.83401150959, 138.32616539002004
LALAPORT 6, 32.928177295954995, 132.71087850892002
LALAPORT 7, 32.928177295954995, 132.71087850892002
LALAPORT 8, 37.71445611826499, 139.00252402801993
LALAPORT A, 35.396270099555, 136.942020758
LALAPORT A, 35.35465148442401, 132.74589642507
LALAPORT C, 35.35442097222901, 132.74626451619997
LALAPORT B, 35.396153931707985, 136.94196402501007
LALAPORT 加治木, 31.733010324073007, 130.66783180480002
LALAPORT 蓮潟, 37.46343538401399, 138.82178920262004
LALAPORT 藤山, 36.12597809628801, 140.08722091107006
LALAPORT 松崎, 31.591358758221006, 130.55854479616005
リフォームショップLALAPORT , 40.182936756314035, 140.05341003963997
LALAPORT  和泉, 34.436786383596996, 135.44821434034998
LALAPORT  磐田, 34.750137950509966, 137.84193887618994
LALAPORT  沼津, 35.11892198637899, 138.84034713399
LALAPORT  横浜, 35.51725808898401, 139.56622162806002
LALAPORT  EXPOCITY, 34.80511320410099, 135.53538826780004
LALAPORT 磐田, 34.750403671599, 137.84197761319
LALAPORT  海老名, 35.45602754815201, 139.38917434657003
LALAPORT 歯科, 35.686418735703015, 139.99066822239
LALAPORT 歯科9, 35.686418735703015, 139.99066822239
LALAPORT  富士見, 35.859821624071, 139.54678796376004
旅館LALAPORT 函館, 41.81039508649795, 140.71642043338
LALAPORT  甲子園, 34.71851459367002, 135.36349644378004
LALAPORT 横浜, 35.51734841446404, 139.56630861709004
LALAPORT 新三郷ANNEX, 35.857863639670995, 139.86845108213004
大戸屋LALAPORT TOKYOBAY店, 35.68633382428301, 139.98983103112005
apollostationLALAPORT 富士見前SS, 35.85877837663901, 139.55144104625003
LALAPORT 海老名, 35.45584998619201, 139.38922747403
ButterLALAPORT 豊洲, 35.65552582769301, 139.79315946524002
BLESSLALAPORT 和泉, 34.436786383596996, 135.44821434034998
LALAPORT  柏の葉, 35.89372432558801, 139.95111090843
LALAPORT 新三郷, 35.859797188059986, 139.86596765217996
ikkaLOUNGELALAPORT 磐田, 34.750137950509966, 137.84193887618994
HMVLALAPORT 豊洲, 35.65552582769301, 139.79315946524002
HMVLALAPORT 横浜, 35.51725808898401, 139.56622162806002
CsmartLALAPORT 和泉, 34.436786383596996, 135.44821434034998
CsmartLALAPORT 沼津, 35.11892198637899, 138.84034713399
BISTRO309LALAPORT 和泉, 34.436786383596996, 135.44821434034998
BISTRO309LALAPORT 和泉10, 34.436786383596996, 135.44821434034998
LALAPORT  愛知東郷, 35.098523772351, 137.04660214032003
LALAPORT  湘南平塚, 35.336449343361, 139.35506943435996
LALAPORT  立川立飛, 35.713070270315995, 139.41814807255003
LALAPORT TOKYO-BAY, 35.686305575473014, 139.99043462174996
