NITORI , 35.77417954708902, 139.34164045544003
NITORI 2, 34.61679173639598, 135.47337757334003
NITORI  鹿嶋店, 34.61679173639598, 135.47337757334003
NITORI  安城店, 34.981576708158016, 137.09845148960994
NITORI  一宮店, 35.314800252954, 136.81713253144994
NITORI  滑川店, 36.755973370377006, 137.36266787501995
NITORI  南砂店, 35.67204604126199, 139.8269964295
NITORI 鹿嶋店, 35.93206604298899, 140.63982715168004
NITORI 佐伯店, 32.943266505181015, 131.90000916435997
NITORI 安城店, 34.98157112550901, 137.09845361461998
NITORI 石巻店, 38.44854829293399, 141.27055571943004
NITORI 一関店, 38.93822377183898, 141.11691299545998
NITORI 一宮店, 35.31480891847501, 136.81712603171002
NITORI 今市店, 36.729286283354, 139.70631352889995
NITORI 柏崎店, 37.387658545782, 138.58836387120004
NITORI 郡山店, 37.376063575744, 140.37512938689997
NITORI 沼南店, 35.831921250112, 140.01127981935997
NITORI 新庄店, 38.765409949396, 140.30969527535
NITORI 上越店, 38.765409949396, 140.30969527535
NITORI 滑川店, 36.75598378473599, 137.36262487840997
NITORI 福島店, 37.734835563773984, 140.46713297727
NITORI 南砂店, 35.67204604361601, 139.82708429703996
ホームファッション NITORI , 43.097547646506996, 141.25914688094997
NITORI 都城店, 31.747400244116008, 131.07871576971002
NITORI LINKS UMEDA店, 34.704190536149014, 135.49629200708
NITORI  相模原店, 35.55521543818999, 139.41017664631
NITORI  佐久平店, 36.281093646550005, 138.47177909673997
NITORI  東京本部, 35.77127005241701, 139.73440204969006
NITORI  徳島北店, 34.13286853182801, 134.57522204014003
NITORI  長野南店, 36.60350636746102, 138.16637715569004
NITORI  八王子店, 35.67787109313301, 139.33699339793998
NITORI  宮の沢店, 43.097305055711985, 141.25889023976004
NITORI  四日市店, 34.960714663328986, 136.62090586379998
NITORI  徳島南店, 34.02187375717402, 134.5552414612
NITORI  南町田店, 35.51006378221399, 139.47368115330005
NITORI 茨木北店, 34.835584677441005, 135.52580094642997
NITORI 岩見沢店, 43.19045460514701, 141.75652536306006
NITORI 浦和中尾店, 35.87547723149599, 139.67915679305997
NITORI 大津瀬田店, 34.977972794085986, 135.91092458411003
NITORI 御経塚店, 36.54711638328, 136.59667730206002
NITORI 各務原店, 35.401805944581, 136.88945491862
NITORI 観音寺店, 34.13554622763897, 133.69602189441002
NITORI 紀三井寺店, 34.18117111087997, 135.18538192327003
NITORI 熊本北店, 32.856679396174, 130.70894958317
NITORI 神戸須磨店, 34.649264107397, 135.1363435114
NITORI 神戸御影店, 34.711798105026986, 135.25816381366997
NITORI 佐久平店, 36.28110772838902, 138.47178347079
NITORI 鯖江鳥羽店, 35.989632443822, 136.18809278442995
NITORI 仙台港店, 38.27466060664895, 140.98675667391
NITORI 千葉市原店, 35.549152670691996, 140.12458443678997
