INSERT INTO `relation_ikea_station` (`ikea_id`, `station_id`, `dist_station`) VALUES ('1', '2', '3.8435167839919346');
INSERT INTO `relation_ikea_station` (`ikea_id`, `station_id`, `dist_station`) VALUES ('2', '5', '21.99292974966548');
INSERT INTO `relation_ikea_station` (`ikea_id`, `station_id`, `dist_station`) VALUES ('3', '5', '20.540842276682262');
INSERT INTO `relation_ikea_station` (`ikea_id`, `station_id`, `dist_station`) VALUES ('4', '5', '32.136777378259744');
INSERT INTO `relation_ikea_station` (`ikea_id`, `station_id`, `dist_station`) VALUES ('5', '5', '6.231043458756563');
INSERT INTO `relation_ikea_station` (`ikea_id`, `station_id`, `dist_station`) VALUES ('6', '5', '5.63132904778662');
INSERT INTO `relation_ikea_station` (`ikea_id`, `station_id`, `dist_station`) VALUES ('7', '5', '5.6541508721569');
INSERT INTO `relation_ikea_station` (`ikea_id`, `station_id`, `dist_station`) VALUES ('8', '5', '23.396444668640306');
INSERT INTO `relation_ikea_station` (`ikea_id`, `station_id`, `dist_station`) VALUES ('9', '6', '17.658595615135482');
INSERT INTO `relation_ikea_station` (`ikea_id`, `station_id`, `dist_station`) VALUES ('10', '7', '8.377592961640062');
INSERT INTO `relation_ikea_station` (`ikea_id`, `station_id`, `dist_station`) VALUES ('11', '8', '4.052189438601406');
INSERT INTO `relation_ikea_station` (`ikea_id`, `station_id`, `dist_station`) VALUES ('12', '10', '13.5659842488472');
INSERT INTO `relation_ikea_ic` (`ikea_id`, `ic_id`, `dist_ic`) VALUES ('1', '18', '7.3528173247771775');
INSERT INTO `relation_ikea_ic` (`ikea_id`, `ic_id`, `dist_ic`) VALUES ('2', '79', '28.11078484403453');
INSERT INTO `relation_ikea_ic` (`ikea_id`, `ic_id`, `dist_ic`) VALUES ('3', '78', '6.4238367381336055');
INSERT INTO `relation_ikea_ic` (`ikea_id`, `ic_id`, `dist_ic`) VALUES ('4', '105', '12.116043313114295');
INSERT INTO `relation_ikea_ic` (`ikea_id`, `ic_id`, `dist_ic`) VALUES ('5', '91', '7.3195808233210835');
INSERT INTO `relation_ikea_ic` (`ikea_id`, `ic_id`, `dist_ic`) VALUES ('6', '91', '9.760725645427838');
INSERT INTO `relation_ikea_ic` (`ikea_id`, `ic_id`, `dist_ic`) VALUES ('7', '91', '8.22495331618043');
INSERT INTO `relation_ikea_ic` (`ikea_id`, `ic_id`, `dist_ic`) VALUES ('8', '106', '7.746016885475001');
INSERT INTO `relation_ikea_ic` (`ikea_id`, `ic_id`, `dist_ic`) VALUES ('9', '98', '4.5791509738525535');
INSERT INTO `relation_ikea_ic` (`ikea_id`, `ic_id`, `dist_ic`) VALUES ('10', '158', '112.99805716301606');
INSERT INTO `relation_ikea_ic` (`ikea_id`, `ic_id`, `dist_ic`) VALUES ('11', '159', '129.58659883021122');
INSERT INTO `relation_ikea_ic` (`ikea_id`, `ic_id`, `dist_ic`) VALUES ('12', '162', '101.91662491778855');
INSERT INTO `relation_ikea_lalaport` (`ikea_id`, `lalaport_id`, `dist_lalaport`) VALUES ('1', '1', '38.35414873689204');
INSERT INTO `relation_ikea_lalaport` (`ikea_id`, `lalaport_id`, `dist_lalaport`) VALUES ('2', '32', '0.2616623768480735');
INSERT INTO `relation_ikea_lalaport` (`ikea_id`, `lalaport_id`, `dist_lalaport`) VALUES ('3', '50', '0.5453434274057678');
INSERT INTO `relation_ikea_lalaport` (`ikea_id`, `lalaport_id`, `dist_lalaport`) VALUES ('4', '49', '0.8961898501188473');
INSERT INTO `relation_ikea_lalaport` (`ikea_id`, `lalaport_id`, `dist_lalaport`) VALUES ('5', '36', '8.486894610234184');
INSERT INTO `relation_ikea_lalaport` (`ikea_id`, `lalaport_id`, `dist_lalaport`) VALUES ('6', '36', '8.868208908536216');
INSERT INTO `relation_ikea_lalaport` (`ikea_id`, `lalaport_id`, `dist_lalaport`) VALUES ('7', '36', '8.310377074105764');
INSERT INTO `relation_ikea_lalaport` (`ikea_id`, `lalaport_id`, `dist_lalaport`) VALUES ('8', '31', '2.2308582904585976');
INSERT INTO `relation_ikea_lalaport` (`ikea_id`, `lalaport_id`, `dist_lalaport`) VALUES ('9', '47', '9.01659373158946');
INSERT INTO `relation_ikea_lalaport` (`ikea_id`, `lalaport_id`, `dist_lalaport`) VALUES ('10', '30', '12.013641252877372');
INSERT INTO `relation_ikea_lalaport` (`ikea_id`, `lalaport_id`, `dist_lalaport`) VALUES ('11', '30', '14.572092247981619');
INSERT INTO `relation_ikea_lalaport` (`ikea_id`, `lalaport_id`, `dist_lalaport`) VALUES ('12', '14', '220.20121356810105');
INSERT INTO `relation_ikea_nitori` (`ikea_id`, `nitori_id`, `dist_nitori`) VALUES ('1', '49', '10.3602893667196');
INSERT INTO `relation_ikea_nitori` (`ikea_id`, `nitori_id`, `dist_nitori`) VALUES ('2', '17', '12.996588445099471');
INSERT INTO `relation_ikea_nitori` (`ikea_id`, `nitori_id`, `dist_nitori`) VALUES ('3', '22', '14.966053899819183');
INSERT INTO `relation_ikea_nitori` (`ikea_id`, `nitori_id`, `dist_nitori`) VALUES ('4', '31', '7.50118767371157');
INSERT INTO `relation_ikea_nitori` (`ikea_id`, `nitori_id`, `dist_nitori`) VALUES ('5', '7', '11.6045169277331');
INSERT INTO `relation_ikea_nitori` (`ikea_id`, `nitori_id`, `dist_nitori`) VALUES ('6', '28', '9.396590940704101');
INSERT INTO `relation_ikea_nitori` (`ikea_id`, `nitori_id`, `dist_nitori`) VALUES ('7', '7', '11.202906964848973');
INSERT INTO `relation_ikea_nitori` (`ikea_id`, `nitori_id`, `dist_nitori`) VALUES ('8', '35', '10.64637102947945');
INSERT INTO `relation_ikea_nitori` (`ikea_id`, `nitori_id`, `dist_nitori`) VALUES ('9', '4', '21.701730779029837');
INSERT INTO `relation_ikea_nitori` (`ikea_id`, `nitori_id`, `dist_nitori`) VALUES ('10', '2', '3.115535384135731');
INSERT INTO `relation_ikea_nitori` (`ikea_id`, `nitori_id`, `dist_nitori`) VALUES ('11', '46', '6.3908322408766125');
INSERT INTO `relation_ikea_nitori` (`ikea_id`, `nitori_id`, `dist_nitori`) VALUES ('12', '44', '97.67393846470124');
INSERT INTO `relation_ikea_decohome` (`ikea_id`, `decohome_id`, `dist_decohome`) VALUES ('1', '40', '10.986327232992577');
INSERT INTO `relation_ikea_decohome` (`ikea_id`, `decohome_id`, `dist_decohome`) VALUES ('2', '39', '17.383545243777043');
INSERT INTO `relation_ikea_decohome` (`ikea_id`, `decohome_id`, `dist_decohome`) VALUES ('3', '10', '6.946022791254899');
INSERT INTO `relation_ikea_decohome` (`ikea_id`, `decohome_id`, `dist_decohome`) VALUES ('4', '25', '4.879695164226342');
INSERT INTO `relation_ikea_decohome` (`ikea_id`, `decohome_id`, `dist_decohome`) VALUES ('5', '6', '3.1434219293815966');
INSERT INTO `relation_ikea_decohome` (`ikea_id`, `decohome_id`, `dist_decohome`) VALUES ('6', '6', '3.7067334112937');
INSERT INTO `relation_ikea_decohome` (`ikea_id`, `decohome_id`, `dist_decohome`) VALUES ('7', '6', '3.1174726325054705');
INSERT INTO `relation_ikea_decohome` (`ikea_id`, `decohome_id`, `dist_decohome`) VALUES ('8', '12', '8.299002804287325');
INSERT INTO `relation_ikea_decohome` (`ikea_id`, `decohome_id`, `dist_decohome`) VALUES ('9', '24', '53.714221534653866');
INSERT INTO `relation_ikea_decohome` (`ikea_id`, `decohome_id`, `dist_decohome`) VALUES ('10', '33', '3.7612077574399825');
INSERT INTO `relation_ikea_decohome` (`ikea_id`, `decohome_id`, `dist_decohome`) VALUES ('11', '42', '3.858339171920936');
INSERT INTO `relation_ikea_decohome` (`ikea_id`, `decohome_id`, `dist_decohome`) VALUES ('12', '26', '13.448109702652454');
INSERT INTO `relation_ikea_all_station` (`ikea_id`, `all_station_id`, `dist_all_station`) VALUES ('1', '17', '3.6094948311016974');
INSERT INTO `relation_ikea_all_station` (`ikea_id`, `all_station_id`, `dist_all_station`) VALUES ('2', '161', '10.56469365178513');
INSERT INTO `relation_ikea_all_station` (`ikea_id`, `all_station_id`, `dist_all_station`) VALUES ('3', '185', '2.9652132245566216');
INSERT INTO `relation_ikea_all_station` (`ikea_id`, `all_station_id`, `dist_all_station`) VALUES ('4', '692', '8.483689344677051');
INSERT INTO `relation_ikea_all_station` (`ikea_id`, `all_station_id`, `dist_all_station`) VALUES ('5', '212', '5.192615688206305');
INSERT INTO `relation_ikea_all_station` (`ikea_id`, `all_station_id`, `dist_all_station`) VALUES ('6', '785', '4.167197560591306');
INSERT INTO `relation_ikea_all_station` (`ikea_id`, `all_station_id`, `dist_all_station`) VALUES ('7', '212', '5.116677104291017');
INSERT INTO `relation_ikea_all_station` (`ikea_id`, `all_station_id`, `dist_all_station`) VALUES ('8', '214', '6.328746251301722');
INSERT INTO `relation_ikea_all_station` (`ikea_id`, `all_station_id`, `dist_all_station`) VALUES ('9', '417', '2.8560146546013323');
INSERT INTO `relation_ikea_all_station` (`ikea_id`, `all_station_id`, `dist_all_station`) VALUES ('10', '483', '2.348914130804811');
INSERT INTO `relation_ikea_all_station` (`ikea_id`, `all_station_id`, `dist_all_station`) VALUES ('11', '525', '4.968020377564296');
INSERT INTO `relation_ikea_all_station` (`ikea_id`, `all_station_id`, `dist_all_station`) VALUES ('12', '917', '2.9381423414293613');
INSERT INTO `relation_costco_station` (`costco_id`, `station_id`, `dist_station`) VALUES ('1', '1', '13.8434039782236');
INSERT INTO `relation_costco_station` (`costco_id`, `station_id`, `dist_station`) VALUES ('2', '1', '13.12602217495123');
INSERT INTO `relation_costco_station` (`costco_id`, `station_id`, `dist_station`) VALUES ('3', '2', '14.81964133839517');
INSERT INTO `relation_costco_station` (`costco_id`, `station_id`, `dist_station`) VALUES ('4', '2', '51.72680931287679');
INSERT INTO `relation_costco_station` (`costco_id`, `station_id`, `dist_station`) VALUES ('5', '5', '54.42943199118377');
INSERT INTO `relation_costco_station` (`costco_id`, `station_id`, `dist_station`) VALUES ('6', '5', '109.0924251627871');
INSERT INTO `relation_costco_station` (`costco_id`, `station_id`, `dist_station`) VALUES ('7', '5', '94.57669326840318');
INSERT INTO `relation_costco_station` (`costco_id`, `station_id`, `dist_station`) VALUES ('8', '5', '37.930280139059526');
INSERT INTO `relation_costco_station` (`costco_id`, `station_id`, `dist_station`) VALUES ('9', '5', '22.249098101442847');
INSERT INTO `relation_costco_station` (`costco_id`, `station_id`, `dist_station`) VALUES ('10', '5', '23.918467393824276');
INSERT INTO `relation_costco_station` (`costco_id`, `station_id`, `dist_station`) VALUES ('11', '5', '30.943986262391846');
INSERT INTO `relation_costco_station` (`costco_id`, `station_id`, `dist_station`) VALUES ('12', '5', '35.87520976117391');
INSERT INTO `relation_costco_station` (`costco_id`, `station_id`, `dist_station`) VALUES ('13', '5', '36.188654654807905');
INSERT INTO `relation_costco_station` (`costco_id`, `station_id`, `dist_station`) VALUES ('14', '4', '59.68446837595237');
INSERT INTO `relation_costco_station` (`costco_id`, `station_id`, `dist_station`) VALUES ('15', '6', '22.267108964330042');
INSERT INTO `relation_costco_station` (`costco_id`, `station_id`, `dist_station`) VALUES ('16', '6', '94.62807356905863');
INSERT INTO `relation_costco_station` (`costco_id`, `station_id`, `dist_station`) VALUES ('17', '6', '16.011129735992622');
INSERT INTO `relation_costco_station` (`costco_id`, `station_id`, `dist_station`) VALUES ('18', '6', '31.72115255869156');
INSERT INTO `relation_costco_station` (`costco_id`, `station_id`, `dist_station`) VALUES ('19', '7', '25.355314200785614');
INSERT INTO `relation_costco_station` (`costco_id`, `station_id`, `dist_station`) VALUES ('20', '9', '1.2315156797852793');
INSERT INTO `relation_costco_ic` (`costco_id`, `ic_id`, `dist_ic`) VALUES ('1', '3', '6.734682629372538');
INSERT INTO `relation_costco_ic` (`costco_id`, `ic_id`, `dist_ic`) VALUES ('2', '1', '12.061427311789034');
INSERT INTO `relation_costco_ic` (`costco_id`, `ic_id`, `dist_ic`) VALUES ('3', '17', '15.85551734971614');
INSERT INTO `relation_costco_ic` (`costco_id`, `ic_id`, `dist_ic`) VALUES ('4', '34', '0.9757915771257193');
INSERT INTO `relation_costco_ic` (`costco_id`, `ic_id`, `dist_ic`) VALUES ('5', '57', '34.212905346942655');
INSERT INTO `relation_costco_ic` (`costco_id`, `ic_id`, `dist_ic`) VALUES ('6', '56', '15.002700480890441');
INSERT INTO `relation_costco_ic` (`costco_id`, `ic_id`, `dist_ic`) VALUES ('7', '60', '55.975646166863655');
INSERT INTO `relation_costco_ic` (`costco_id`, `ic_id`, `dist_ic`) VALUES ('8', '103', '5.743407084065315');
INSERT INTO `relation_costco_ic` (`costco_id`, `ic_id`, `dist_ic`) VALUES ('9', '79', '28.896225391029716');
INSERT INTO `relation_costco_ic` (`costco_id`, `ic_id`, `dist_ic`) VALUES ('10', '78', '2.223083162308761');
INSERT INTO `relation_costco_ic` (`costco_id`, `ic_id`, `dist_ic`) VALUES ('11', '64', '14.38483429596573');
INSERT INTO `relation_costco_ic` (`costco_id`, `ic_id`, `dist_ic`) VALUES ('12', '76', '14.8842512459303');
INSERT INTO `relation_costco_ic` (`costco_id`, `ic_id`, `dist_ic`) VALUES ('13', '105', '17.479202756890274');
INSERT INTO `relation_costco_ic` (`costco_id`, `ic_id`, `dist_ic`) VALUES ('14', '134', '51.696171346435676');
INSERT INTO `relation_costco_ic` (`costco_id`, `ic_id`, `dist_ic`) VALUES ('15', '144', '0.4971788534256206');
INSERT INTO `relation_costco_ic` (`costco_id`, `ic_id`, `dist_ic`) VALUES ('16', '152', '62.41882617154456');
INSERT INTO `relation_costco_ic` (`costco_id`, `ic_id`, `dist_ic`) VALUES ('17', '98', '9.157989935157882');
INSERT INTO `relation_costco_ic` (`costco_id`, `ic_id`, `dist_ic`) VALUES ('18', '156', '29.12930423207795');
INSERT INTO `relation_costco_ic` (`costco_id`, `ic_id`, `dist_ic`) VALUES ('19', '158', '81.42285821522012');
INSERT INTO `relation_costco_ic` (`costco_id`, `ic_id`, `dist_ic`) VALUES ('20', '159', '197.14557818996417');
INSERT INTO `relation_costco_lalaport` (`costco_id`, `lalaport_id`, `dist_lalaport`) VALUES ('1', '3', '34.720631126082466');
INSERT INTO `relation_costco_lalaport` (`costco_id`, `lalaport_id`, `dist_lalaport`) VALUES ('2', '3', '37.06587315651228');
INSERT INTO `relation_costco_lalaport` (`costco_id`, `lalaport_id`, `dist_lalaport`) VALUES ('3', '1', '31.905906873212004');
INSERT INTO `relation_costco_lalaport` (`costco_id`, `lalaport_id`, `dist_lalaport`) VALUES ('4', '1', '86.80946992621004');
INSERT INTO `relation_costco_lalaport` (`costco_id`, `lalaport_id`, `dist_lalaport`) VALUES ('5', '16', '3.3911398306584855');
INSERT INTO `relation_costco_lalaport` (`costco_id`, `lalaport_id`, `dist_lalaport`) VALUES ('6', '16', '54.19013637825266');
INSERT INTO `relation_costco_lalaport` (`costco_id`, `lalaport_id`, `dist_lalaport`) VALUES ('7', '4', '45.43340800942028');
INSERT INTO `relation_costco_lalaport` (`costco_id`, `lalaport_id`, `dist_lalaport`) VALUES ('8', '49', '11.44641482593326');
INSERT INTO `relation_costco_lalaport` (`costco_id`, `lalaport_id`, `dist_lalaport`) VALUES ('9', '39', '0.22690358173467154');
INSERT INTO `relation_costco_lalaport` (`costco_id`, `lalaport_id`, `dist_lalaport`) VALUES ('10', '26', '4.841591982610886');
INSERT INTO `relation_costco_lalaport` (`costco_id`, `lalaport_id`, `dist_lalaport`) VALUES ('11', '36', '27.646704439078224');
INSERT INTO `relation_costco_lalaport` (`costco_id`, `lalaport_id`, `dist_lalaport`) VALUES ('12', '26', '18.263033890920045');
INSERT INTO `relation_costco_lalaport` (`costco_id`, `lalaport_id`, `dist_lalaport`) VALUES ('13', '49', '12.976277882082917');
INSERT INTO `relation_costco_lalaport` (`costco_id`, `lalaport_id`, `dist_lalaport`) VALUES ('14', '10', '129.73480132083597');
INSERT INTO `relation_costco_lalaport` (`costco_id`, `lalaport_id`, `dist_lalaport`) VALUES ('15', '13', '24.3533802293007');
INSERT INTO `relation_costco_lalaport` (`costco_id`, `lalaport_id`, `dist_lalaport`) VALUES ('16', '20', '7.662287565221618');
INSERT INTO `relation_costco_lalaport` (`costco_id`, `lalaport_id`, `dist_lalaport`) VALUES ('17', '47', '17.111289882080083');
INSERT INTO `relation_costco_lalaport` (`costco_id`, `lalaport_id`, `dist_lalaport`) VALUES ('18', '47', '30.786155443882485');
INSERT INTO `relation_costco_lalaport` (`costco_id`, `lalaport_id`, `dist_lalaport`) VALUES ('19', '23', '16.91312726351833');
INSERT INTO `relation_costco_lalaport` (`costco_id`, `lalaport_id`, `dist_lalaport`) VALUES ('20', '12', '109.47444987182456');
INSERT INTO `relation_costco_nitori` (`costco_id`, `nitori_id`, `dist_nitori`) VALUES ('1', '32', '21.526721648244102');
INSERT INTO `relation_costco_nitori` (`costco_id`, `nitori_id`, `dist_nitori`) VALUES ('2', '23', '10.342032200881613');
INSERT INTO `relation_costco_nitori` (`costco_id`, `nitori_id`, `dist_nitori`) VALUES ('3', '49', '16.291259897373585');
INSERT INTO `relation_costco_nitori` (`costco_id`, `nitori_id`, `dist_nitori`) VALUES ('4', '21', '52.11294775564739');
INSERT INTO `relation_costco_nitori` (`costco_id`, `nitori_id`, `dist_nitori`) VALUES ('5', '17', '29.948252524590654');
INSERT INTO `relation_costco_nitori` (`costco_id`, `nitori_id`, `dist_nitori`) VALUES ('6', '8', '52.127345520657876');
INSERT INTO `relation_costco_nitori` (`costco_id`, `nitori_id`, `dist_nitori`) VALUES ('7', '47', '56.17009374769824');
INSERT INTO `relation_costco_nitori` (`costco_id`, `nitori_id`, `dist_nitori`) VALUES ('8', '1', '5.327891465030151');
INSERT INTO `relation_costco_nitori` (`costco_id`, `nitori_id`, `dist_nitori`) VALUES ('9', '17', '13.684220517182824');
INSERT INTO `relation_costco_nitori` (`costco_id`, `nitori_id`, `dist_nitori`) VALUES ('10', '50', '14.659618313116804');
INSERT INTO `relation_costco_nitori` (`costco_id`, `nitori_id`, `dist_nitori`) VALUES ('11', '50', '23.193859874472007');
INSERT INTO `relation_costco_nitori` (`costco_id`, `nitori_id`, `dist_nitori`) VALUES ('12', '17', '11.004374998401435');
INSERT INTO `relation_costco_nitori` (`costco_id`, `nitori_id`, `dist_nitori`) VALUES ('13', '26', '5.92618097962091');
INSERT INTO `relation_costco_nitori` (`costco_id`, `nitori_id`, `dist_nitori`) VALUES ('14', '40', '2.488850734635842');
INSERT INTO `relation_costco_nitori` (`costco_id`, `nitori_id`, `dist_nitori`) VALUES ('15', '13', '10.825974400009256');
INSERT INTO `relation_costco_nitori` (`costco_id`, `nitori_id`, `dist_nitori`) VALUES ('16', '10', '67.26225659549736');
INSERT INTO `relation_costco_nitori` (`costco_id`, `nitori_id`, `dist_nitori`) VALUES ('17', '5', '20.327243957048474');
INSERT INTO `relation_costco_nitori` (`costco_id`, `nitori_id`, `dist_nitori`) VALUES ('18', '33', '20.420435052271277');
INSERT INTO `relation_costco_nitori` (`costco_id`, `nitori_id`, `dist_nitori`) VALUES ('19', '36', '17.30679575443412');
INSERT INTO `relation_costco_nitori` (`costco_id`, `nitori_id`, `dist_nitori`) VALUES ('20', '42', '114.96840281174323');
INSERT INTO `relation_costco_decohome` (`costco_id`, `decohome_id`, `dist_decohome`) VALUES ('1', '40', '519.042902846963');
INSERT INTO `relation_costco_decohome` (`costco_id`, `decohome_id`, `dist_decohome`) VALUES ('2', '40', '540.7502882879211');
INSERT INTO `relation_costco_decohome` (`costco_id`, `decohome_id`, `dist_decohome`) VALUES ('3', '40', '7.653404981336045');
INSERT INTO `relation_costco_decohome` (`costco_id`, `decohome_id`, `dist_decohome`) VALUES ('4', '40', '53.41979404632534');
INSERT INTO `relation_costco_decohome` (`costco_id`, `decohome_id`, `dist_decohome`) VALUES ('5', '19', '45.02707545144693');
INSERT INTO `relation_costco_decohome` (`costco_id`, `decohome_id`, `dist_decohome`) VALUES ('6', '49', '61.51343666113266');
INSERT INTO `relation_costco_decohome` (`costco_id`, `decohome_id`, `dist_decohome`) VALUES ('7', '36', '7.441818654329363');
INSERT INTO `relation_costco_decohome` (`costco_id`, `decohome_id`, `dist_decohome`) VALUES ('8', '35', '6.927859620706996');
INSERT INTO `relation_costco_decohome` (`costco_id`, `decohome_id`, `dist_decohome`) VALUES ('9', '39', '17.66984243216314');
INSERT INTO `relation_costco_decohome` (`costco_id`, `decohome_id`, `dist_decohome`) VALUES ('10', '10', '10.684675806816664');
INSERT INTO `relation_costco_decohome` (`costco_id`, `decohome_id`, `dist_decohome`) VALUES ('11', '3', '22.77221042309611');
INSERT INTO `relation_costco_decohome` (`costco_id`, `decohome_id`, `dist_decohome`) VALUES ('12', '10', '23.612668376938114');
INSERT INTO `relation_costco_decohome` (`costco_id`, `decohome_id`, `dist_decohome`) VALUES ('13', '27', '7.116845327134761');
INSERT INTO `relation_costco_decohome` (`costco_id`, `decohome_id`, `dist_decohome`) VALUES ('14', '46', '180.24922670022605');
INSERT INTO `relation_costco_decohome` (`costco_id`, `decohome_id`, `dist_decohome`) VALUES ('15', '24', '86.54370223912761');
INSERT INTO `relation_costco_decohome` (`costco_id`, `decohome_id`, `dist_decohome`) VALUES ('16', '28', '3.525384017274315');
INSERT INTO `relation_costco_decohome` (`costco_id`, `decohome_id`, `dist_decohome`) VALUES ('17', '24', '63.17553868263577');
INSERT INTO `relation_costco_decohome` (`costco_id`, `decohome_id`, `dist_decohome`) VALUES ('18', '24', '52.73693227506305');
INSERT INTO `relation_costco_decohome` (`costco_id`, `decohome_id`, `dist_decohome`) VALUES ('19', '21', '16.74619876009868');
INSERT INTO `relation_costco_decohome` (`costco_id`, `decohome_id`, `dist_decohome`) VALUES ('20', '30', '2.7443030043380663');
INSERT INTO `relation_costco_all_station` (`costco_id`, `all_station_id`, `dist_all_station`) VALUES ('1', '671', '7.909155170406373');
INSERT INTO `relation_costco_all_station` (`costco_id`, `all_station_id`, `dist_all_station`) VALUES ('2', '1', '20.229977702425646');
INSERT INTO `relation_costco_all_station` (`costco_id`, `all_station_id`, `dist_all_station`) VALUES ('3', '18', '14.911367979491386');
INSERT INTO `relation_costco_all_station` (`costco_id`, `all_station_id`, `dist_all_station`) VALUES ('4', '85', '1.4853318021182085');
INSERT INTO `relation_costco_all_station` (`costco_id`, `all_station_id`, `dist_all_station`) VALUES ('5', '122', '1.4023774156471143');
INSERT INTO `relation_costco_all_station` (`costco_id`, `all_station_id`, `dist_all_station`) VALUES ('6', '130', '9.999253267523162');
INSERT INTO `relation_costco_all_station` (`costco_id`, `all_station_id`, `dist_all_station`) VALUES ('7', '154', '9.189456791779534');
INSERT INTO `relation_costco_all_station` (`costco_id`, `all_station_id`, `dist_all_station`) VALUES ('8', '692', '6.627996623171715');
INSERT INTO `relation_costco_all_station` (`costco_id`, `all_station_id`, `dist_all_station`) VALUES ('9', '161', '9.98357664413352');
INSERT INTO `relation_costco_all_station` (`costco_id`, `all_station_id`, `dist_all_station`) VALUES ('10', '187', '2.340907840543949');
INSERT INTO `relation_costco_all_station` (`costco_id`, `all_station_id`, `dist_all_station`) VALUES ('11', '206', '17.347577896500876');
INSERT INTO `relation_costco_all_station` (`costco_id`, `all_station_id`, `dist_all_station`) VALUES ('12', '179', '1.3317721305915753');
INSERT INTO `relation_costco_all_station` (`costco_id`, `all_station_id`, `dist_all_station`) VALUES ('13', '696', '10.288743282651259');
INSERT INTO `relation_costco_all_station` (`costco_id`, `all_station_id`, `dist_all_station`) VALUES ('14', '295', '3.4906063458818357');
INSERT INTO `relation_costco_all_station` (`costco_id`, `all_station_id`, `dist_all_station`) VALUES ('15', '375', '1.7689021589565581');
INSERT INTO `relation_costco_all_station` (`costco_id`, `all_station_id`, `dist_all_station`) VALUES ('16', '400', '34.735741997851804');
INSERT INTO `relation_costco_all_station` (`costco_id`, `all_station_id`, `dist_all_station`) VALUES ('17', '405', '2.0181495364611597');
INSERT INTO `relation_costco_all_station` (`costco_id`, `all_station_id`, `dist_all_station`) VALUES ('18', '416', '30.330565988319318');
INSERT INTO `relation_costco_all_station` (`costco_id`, `all_station_id`, `dist_all_station`) VALUES ('19', '447', '5.387488620434072');
INSERT INTO `relation_costco_all_station` (`costco_id`, `all_station_id`, `dist_all_station`) VALUES ('20', '667', '1.1575395028044104');
